content,date,like,place,tags
꽃구경 못했으니까집에 있는 꽃이랑🌼,2022-04-14,388,경기도 성남,[]
✌🏻#브이 #모란,2022-02-26,325,,"['#브이', '#모란']"
고기 맛있게 구워드립니다 ^.^,2022-01-21,197,모란역,[]
🧡💛,2022-03-09,173,카페쿠나,[]
마돈나돈나돈나 ˃̵͈̑ᴗ˂̵͈̑,2022-03-18,161,모란역,[]
🤦‍♀️••••#03 #04 #05 #고등학생 #좋아요 #좋아요반사 #좋반 #팔로우 #맞팔 #선팔하면맞팔 #인친 #일상 #데일리 #데일리룩 #성남 #모란 #비룸스튜디오 #fff #followforfollowback #f4f #follow4followback #lfl #likeforlikes #l4l #like4likes #フォローバック #韩国人 #다렉 #치마 #니트조끼,2022-03-20,"1,382",모란역,"['#03', '#04', '#05', '#고등학생', '#좋아요', '#좋아요반사', '#좋반', '#팔로우', '#맞팔', '#선팔하면맞팔', '#인친', '#일상', '#데일리', '#데일리룩', '#성남', '#모란', '#비룸스튜디오', '#fff', '#followforfollowback', '#f4f', '#follow4followback', '#lfl', '#likeforlikes', '#l4l', '#like4likes', '#', '#', '#다렉', '#치마', '#니트조끼']"
날씨 너무 좋아🔥,2022-03-29,452,피어몬트,[]
정신없이 먹을땐 주먹쥐고 먹는편..😌,2022-03-30,202,구월동에서,[]
#블랙,2022-03-16,107,경기도 성남,['#블랙']
None,2022-04-17,None,,[]
요즘 봄이 되서 그런가 #오렌지 칼라#에 꽂혀서 온통 다 오렌지빛 ! 종이도 좀 더 샤방샤방한 것 같아 새로운 종이 시도중 #모란#화병도#,2022-04-17,None,,"['#오렌지', '#에', '#모란', '#화병도', '#']"
요즘 봄이 되서 그런가 #오렌지 칼라#에 꽂혀서 온통 다 오렌지빛 ! 종이도 좀 더 샤방샤방한 것 같아 새로운 종이 시도중 #모란#화병도#,2022-04-17,None,,"['#오렌지', '#에', '#모란', '#화병도', '#']"
요즘 하체 컨디션 조아,2022-04-17,None,,[]
"🌿𝐎𝐍𝐒𝐈𝐋 𝐛𝐨𝐭𝐚𝐧𝐢𝐜𝐚𝐥 𝐜𝐨𝐦𝐩𝐚𝐧𝐲ғʟᴏᴡᴇʀ | ᴘʟᴀɴᴛ | ʟᴇssᴏɴ | ᴡᴇᴅᴅɪɴɢ또, 와버렸네예쁜 4월 ❣️🏷 #온실_꽃다발 👈모아보기 𝘾𝙡𝙞𝙘𝙠__________________________________________🌿플라워 레슨 상시 모집(Hobby,Florist course)🌿특정 꽃과 색상이 필요하신 분은   최소  2~3일 전 예약 부탁 드립니다.__________________________________________🕊주문 및 상담은 프로필 링크를 클릭 해주세요.▪️𝐈𝐧𝐬𝐭𝐚𝐠𝐫𝐚𝐦  @onsilbotanic_plant▪️𝐊𝐚𝐤𝐚𝐨 𝐂𝐇  onsil_botanic (온실 보테니컬컴퍼니)▪️𝐍𝐚𝐯𝐞𝐫 𝐁𝐥𝐨𝐠  https://blog .naver.com/onsil2020___________________________________________#작약 #작약꽃다발 #화이트작약 #레드작약#목단 #모란 #함박꽃 #피오니 #4월꽃다발#AprilComeSheWill #simonngarfunkel #peonyflower #peonyseason #peony#청담삼익상가4층꽃집 #온실보테니컬컴퍼니",2022-04-17,3,Cheongdam-dong,"['#온실', '#작약', '#작약꽃다발', '#화이트작약', '#레드작약', '#목단', '#모란', '#함박꽃', '#피오니', '#4월꽃다발', '#AprilComeSheWill', '#simonngarfunkel', '#peonyflower', '#peonyseason', '#peony', '#청담삼익상가4층꽃집', '#온실보테니컬컴퍼니']"
"다음 작품 준비🌹 에스메랄다 하면 빨간 장미가 떠오르지만 어쩐지 이 모란에게 더욱 눈길이 갔다. ""부귀, 영화, 성실, 왕자의 품격, 행복한 결혼"" 이 좋은 꽃말들을 가졌으니 좋지 아니한가!빤짝이도 붙이고 비녀도 하나 만들었다. 머리에 꽂아보니 썩 봐줄만 하다.다음 달 종강이 벌써 기다려지는데 당장 내일 진도가 극악무도함...ㅋㅋ(쌤이 미리 경고아닌 경고를 해주신...?)하지만 겁나지 않은걸? 나는 에스메랄다니까!💃-모란이 피기까지는 나는 아직 기다리고 있을 테요. 찬란한 슬픔의 봄을-#4월 #5월에 #어울리는 #꽃 #모란 #어쩐지 #에스메랄다 #당근리나의 #꼼지락 #작품 #inspiration #ballet",2022-04-17,6,,"['#4월', '#5월에', '#어울리는', '#꽃', '#모란', '#어쩐지', '#에스메랄다', '#당근리나의', '#꼼지락', '#작품', '#inspiration', '#ballet']"
오랜만에 보쌈♥분위기 좋은 카페에서디저티 잔뜩 충전♥#다이어트언제하지#이번생에가능할까 #맛있는게많은세상,2022-04-17,6,,"['#다이어트언제하지', '#이번생에가능할까', '#맛있는게많은세상']"
모퉁이돌 마을카페 공유정원에 봄이 가득♥#모퉁이돌카페#정원봉사#봄정원#모란#튤립#사초#라넌큘러스#동백#매발톱꽃,2022-04-17,3,,"['#모퉁이돌카페', '#정원봉사', '#봄정원', '#모란', '#튤립', '#사초', '#라넌큘러스', '#동백', '#매발톱꽃']"
오랜만#모란 #락휴,2022-04-17,7,,"['#모란', '#락휴']"
키링 블랙 모란 책갈피#예나디자인 #예나디자인드림캐쳐 #드림캐쳐 #드림캐쳐파는곳 #키홀더 #키링 #북마크 #책갈피 #썬캐쳐 #썬캐쳐만들기 #dreamcatcher #Suncatcher #捕梦网 #filtrodossonhos #선물추천 #선물 #인테리어소품 #블랙 #캠핑 #차박소품 #아이디어스 #캠핑인테리어 #입점 #수공예 #선물 #추천 #캐쳐 #작가 #인테리어 #모란,2022-04-17,3,,"['#예나디자인', '#예나디자인드림캐쳐', '#드림캐쳐', '#드림캐쳐파는곳', '#키홀더', '#키링', '#북마크', '#책갈피', '#썬캐쳐', '#썬캐쳐만들기', '#dreamcatcher', '#Suncatcher', '#', '#filtrodossonhos', '#선물추천', '#선물', '#인테리어소품', '#블랙', '#캠핑', '#차박소품', '#아이디어스', '#캠핑인테리어', '#입점', '#수공예', '#선물', '#추천', '#캐쳐', '#작가', '#인테리어', '#모란']"
⠀Hello:) 아임뷰티희진😊⠀고생한만큼  대만족 바디프로필📸피부톤 정리와 음영으로 이목구비 또렷하게연출💜메이크업 :) 수강 / 데일리 / 혼주 / 수정 / 출장반영구 :) 눈썹 / 아이라인 / 헤어라인 /입술속눈썹펌⠀✔️예약문의 및 상담 -오픈카톡⠀#맞팔 #선팔 #좋아요 #메이크업 #청담메이크업 #문정메이크업#메이크업아티스트 #문정메이크업 #잠실메이크업 #송파메이크업 #잠실 #송파 #석촌 #건대 #천호 #하남 #분당 #판교 #모란 #건대메이크업 #건대반영구 #문정반영구 #잠실반영구 #잠실속눈썹펌 #잠실바디프로필 #바디프로필메이크업 ⠀⠀⠀,2022-04-17,73,,"['#맞팔', '#선팔', '#좋아요', '#메이크업', '#청담메이크업', '#문정메이크업', '#메이크업아티스트', '#문정메이크업', '#잠실메이크업', '#송파메이크업', '#잠실', '#송파', '#석촌', '#건대', '#천호', '#하남', '#분당', '#판교', '#모란', '#건대메이크업', '#건대반영구', '#문정반영구', '#잠실반영구', '#잠실속눈썹펌', '#잠실바디프로필', '#바디프로필메이크업']"
핵인싸 벨리곰님이랑 🐻💗,2022-04-17,44,,[]
❤️#갈라앵무새#갈라앵무#갈라#갈라코카투#코카투#앵무새#새#조류#앵집사#앵무새집사#행복#일상#동물스타그램#반려스타그램#반려조스타그램#galah#galahsofinstagram#cockatoo#cockatielsofinstagram#parrot#bird#bird#모란앵무#모란앵무새#모란#lovebird,2022-04-17,41,,"['#갈라앵무새', '#갈라앵무', '#갈라', '#갈라코카투', '#코카투', '#앵무새', '#새', '#조류', '#앵집사', '#앵무새집사', '#행복', '#일상', '#동물스타그램', '#반려스타그램', '#반려조스타그램', '#galah', '#galahsofinstagram', '#cockatoo', '#cockatielsofinstagram', '#parrot', '#bird', '#bird', '#모란앵무', '#모란앵무새', '#모란', '#lovebird']"
오늘도 포항점을 방문해주셔서 감사드립니다 ~분양가는 아가들 건강하고 행복하게 잘지내요 ~#블루코뉴어 #시나몬코뉴어 #썬코뉴어 #모란 #카카리키 #사랑앵무 🐥앵무새 카페🐥🌟리프패럿 포항효자점🌟🦜앵무새 체험/분양/호텔링/용품/사료🏠포항시 효자동 567-4 2층 202호⏰AM 13:00 - PM 7:00 (월요일 휴무)☎️010-2775 5588#앵무새카페 #리프패럿  #리프패럿포항효자점#포항 #앵무새스타그램 #앵무새분양 #포항앵무새카페 #양덕카페 #포항가볼만한곳 #포항맘 #포항실내놀이터 #부산앵무새분양 #소통 #좋아요테러 #울산맘 #광주맘 #대구맘   #팔로우 #효자카페 #맛스타그램,2022-04-17,27,,"['#블루코뉴어', '#시나몬코뉴어', '#썬코뉴어', '#모란', '#카카리키', '#사랑앵무', '#앵무새카페', '#리프패럿', '#리프패럿포항효자점', '#포항', '#앵무새스타그램', '#앵무새분양', '#포항앵무새카페', '#양덕카페', '#포항가볼만한곳', '#포항맘', '#포항실내놀이터', '#부산앵무새분양', '#소통', '#좋아요테러', '#울산맘', '#광주맘', '#대구맘', '#팔로우', '#효자카페', '#맛스타그램']"
#모란 #백모란 #부귀화무슨 말이 필요할까이렇게 예쁜데#애틋한사랑 #부귀당신 없어도 매년 봄은 오고당신 좋아하는 모란도 매년 피어나는데,2022-04-17,10,,"['#모란', '#백모란', '#부귀화무슨', '#애틋한사랑', '#부귀당신']"
요즘✌️..#성남 #모란 #주말 #부부스타그램,2022-04-17,29,,"['#성남', '#모란', '#주말', '#부부스타그램']"
이게 대한민국 경찰이다라는걸 보여주고계신@jyj0917 회원님바디프로필을 준비중이신데 하루하루 몸이 점점 흉악하게 변하는중!!!일을 하시면서도 식단부터 운동까지 열심히하는 중이십니다!!어떤 직업을 갖고있든 남녀누구든 변화가 가능하고 좋은몸을 만들 수 있습니다 저희 더바디핏으로 찾아와주신다면 정성을 다해 진실된 트레이닝을 보여드리겠습니다!#비포에프터#바디프로필#더바디핏PT#야탑피티,2022-04-17,88,야탑역,"['#비포에프터', '#바디프로필', '#더바디핏PT', '#야탑피티']"
🦋당신의 분위기를 담아드려요🤍,2022-04-17,None,스튜디오듀이,[]
<자색 모란 파우치>보랏빛 모란을 흩뿌린 청량감 가득 파우치입니다! 보라덕후가 만든만큼 색감 하나는 자신만만👍자체제작 원단으로 만든 꽃신에서만 만나보실 수 있는 제품입니다.4/17 아이디어스에 업댓되었습니다.,2022-04-17,6,,[]
이뿌네,2022-04-17,36,성남시,[]
#다국적노래클럽 #다국적노래방 #러시아노래클럽 #동남아노래클럽 #유흥문의 #주대문의 #상동 #신중동 #부천역 #원종동 #중동역 #부천맛집 #부천 #인천 #삼산동 #주안 #간석 #가정동 #구월동 #청라 #안양 #산본 #평촌 #야탑 #성남 #분당 #모란 #안산 #광명 #철산,2022-04-17,6,,"['#다국적노래클럽', '#다국적노래방', '#러시아노래클럽', '#동남아노래클럽', '#유흥문의', '#주대문의', '#상동', '#신중동', '#부천역', '#원종동', '#중동역', '#부천맛집', '#부천', '#인천', '#삼산동', '#주안', '#간석', '#가정동', '#구월동', '#청라', '#안양', '#산본', '#평촌', '#야탑', '#성남', '#분당', '#모란', '#안산', '#광명', '#철산']"
아파트 화단에 핀 모란꽃우왕ㅡ 내 주먹보다 더 크다.꽃의 여왕이라는 말이 틀린 말은 아닌 것 같다.개화기간이 너무 아쉬워서 탈이다.#모란 #모란꽃,2022-04-17,21,,"['#모란', '#모란꽃']"
🙆‍♀️X1 🙆‍♂️X5첫 클라임어스 모란👋매콤매콤 재미있었네유~원보라 한거에 뿌듯함을 느끼며 퇴근합니당어렵지만 재미있게 놀다갑니다이,2022-04-17,74,클라임어스 모란 - Climbus Moran,[]
...아파트에 모란이 피었습니댕?🌺🌺🐕🐶#로댕#모란#멍스타그램#댕스타그램#산책#날씨좋댕,2022-04-17,15,,"['#로댕', '#모란', '#멍스타그램', '#댕스타그램', '#산책', '#날씨좋댕']"
"-안녕하세요 분당 야탑동에 위치한 분당유소년 풋볼클럽(BYF) U-12 입니다. 2022년4월17일vision cup1학년 준우승4학년 준우승5학년 준우승2022년 기준 선수모집👍1학년9명2학년3명3학년8명4학년1명5학년2명축구선수육성 전문 축구클럽2022년 대한축구협회 1종 등록완료7세~5학년 선수들 집중 모집합니다.👉선수모집- 7세반 (육성반)⚽️훈련일정 화,토 (주2회)- 1학년,2학년(선수반)⚽️훈련일정 화,목,토 (주3회)- 3학년 , 4학년 , 5학년 (선수반)⚽️훈련일정 월,수,목,금,토 (주5회)☎️문의방법코   치  : 010-4802-4277인스타그램 DM💌차량가능지역 : 성남 , 분당 , 위례 , 죽전 , 수지 , 경기도광주,용인지역 , 서울, 판교#분당 유소년풋볼클럽 #BYF #선수반 #선수반축구 #1종 #1종팀 #대한축구협회 #성남축구#유소년 #유소년축구 #선수육성#분당축구클럽 #성남축구클럽#수내동 #정자동 #이매동#성남 #분당 #모란 #판교 #성남맘 #분당맘 #용인맘#광주맘#송파맘#판교#분당유소년 #분당유소년풋볼클럽",2022-04-17,59,,"['#분당', '#BYF', '#선수반', '#선수반축구', '#1종', '#1종팀', '#대한축구협회', '#성남축구', '#유소년', '#유소년축구', '#선수육성', '#분당축구클럽', '#성남축구클럽', '#수내동', '#정자동', '#이매동', '#성남', '#분당', '#모란', '#판교', '#성남맘', '#분당맘', '#용인맘', '#광주맘', '#송파맘', '#판교', '#분당유소년', '#분당유소년풋볼클럽']"
2022.03.27(일)간만에 장거리 라이딩#친구들과라이딩 #모란-충주터미널 #163km #7시간#컨디션난조 #잠좀자자ㅠㅠ #빵꾸#인물사진 #portrait #풍경 #landscape #추억 #memory #Photo #일상 #셀카 #selfle #Riding #운동하는 남자 #sportsman #여행 #갤럭시z폴드3,2022-04-17,None,,"['#친구들과라이딩', '#모란', '#163km', '#7시간', '#컨디션난조', '#잠좀자자', '#빵꾸', '#인물사진', '#portrait', '#풍경', '#landscape', '#추억', '#memory', '#Photo', '#일상', '#셀카', '#selfle', '#Riding', '#운동하는', '#sportsman', '#여행', '#갤럭시z폴드3']"
맛집 #연어맛집 #육회맛집 #연어 #육회 #성남동 #태평동#모란맛집 #모란 #금광동#성남 #성남카페 #배달음식추천 #음식 #맛집여행 #상대원맛집 #신흥역 #신흥맛집 #동서울대학교 #모란역맛집 #하대원맛집#상대원맛집 #태평동맛집 #복정동맛집,2022-04-17,6,,"['#연어맛집', '#육회맛집', '#연어', '#육회', '#성남동', '#태평동', '#모란맛집', '#모란', '#금광동', '#성남', '#성남카페', '#배달음식추천', '#음식', '#맛집여행', '#상대원맛집', '#신흥역', '#신흥맛집', '#동서울대학교', '#모란역맛집', '#하대원맛집', '#상대원맛집', '#태평동맛집', '#복정동맛집']"
모란꽃이 피었다.4가지 색을 한꺼번에 만난특별한 날이다.오래 머물고 싶은 옻골마을#휴일#로컬마켓#옻골마을#모란#목단#자주색모란#분홍색모란#연분홍모란#백목단#정원일상#60세 이렇게 논다,2022-04-17,4,,"['#휴일', '#로컬마켓', '#옻골마을', '#모란', '#목단', '#자주색모란', '#분홍색모란', '#연분홍모란', '#백목단', '#정원일상', '#60세']"
가게 시작한지 딱 한달 되었습니다.생각지도 못하게 정말 많은분들이 찾아 주시고 맛있게 드셔 주셔서 너무 감사하고 감사합니다😭시간이 걸리더라도 꼭 전부 보답 하겠습니다 앞으로 더 열심히 하겠습니다 감사합니다😁,2022-04-17,67,모란역,[]
그쪽 도용 당했어요 디엠 주세요,2022-04-16,None,R-Cafe 알카페,[]
하루사이자연은 신비 자체네요#목단#모란,2022-04-17,6,,"['#목단', '#모란']"
💝,2022-04-17,None,,[]
#오치오늘의 치팅🥪 🍠 🍕,2022-04-17,32,송파대로,['#오치오늘의']
가게 시작한지 딱 한달 되었습니다.생각지도 못하게 정말 많은분들이 찾아 주시고 맛있게 드셔 주셔서 너무 감사하고 감사합니다😭시간이 걸리더라도 꼭 전부 보답 하겠습니다 앞으로 더 열심히 하겠습니다 감사합니다😁,2022-04-17,300,모란역,[]
우당탕탕 강릉여행🌊💙,2022-04-17,84,,[]
역시 남자는 핑크🌸 🟣보라 6개.오픈이벤트 당첨 감사합니다~,2022-04-17,277,클라임어스 모란 - Climb Us Moran,[]
주다방 성남 모란점 영업시간 공지드립니다!일월화수목 17시오픈 - 5시마감 금토 17시 오픈 -7시마감 평일에도 다양한 이벤트 진행 예정 입니다 !!.........#성남주다방 #모란주다방 #주다방성남 #주다방성남모란점 #모란 #모란맛집 #모란역맛집 #모란역 #술집 #술집추천 #성남술집 #성남술집추천 #성남맛집 #성남맛집추천 #성남동 #성남동맛집 #핫플레이스 #핫플술집 #성남핫플 #02년생 #02 #03 #03년생 #주다방 #분당맛집 #분당 #서현 #서현역 #모란 #모란맛집 #모란역맛집 #분위기맛집 #분위기맛집,2022-04-17,63,,"['#성남주다방', '#모란주다방', '#주다방성남', '#주다방성남모란점', '#모란', '#모란맛집', '#모란역맛집', '#모란역', '#술집', '#술집추천', '#성남술집', '#성남술집추천', '#성남맛집', '#성남맛집추천', '#성남동', '#성남동맛집', '#핫플레이스', '#핫플술집', '#성남핫플', '#02년생', '#02', '#03', '#03년생', '#주다방', '#분당맛집', '#분당', '#서현', '#서현역', '#모란', '#모란맛집', '#모란역맛집', '#분위기맛집', '#분위기맛집']"
망고랑 레몬씨 그리고 앵집사🕊,2022-04-17,5,서울,[]
뜻밖의 꽃 💗,2022-04-17,None,피어몬트,[]
화장술에 진심이야🎭,2022-04-17,166,경기도 성남,[]
"불국사 학장스님 뵙고,기림사 스님 뵙고,,,,,,。。。#불국사 # 학장스님 #기림사 #부주지스님 #모란 #병향로 #인연 #국색대홍포",2022-04-17,50,,"['#불국사', '#', '#기림사', '#부주지스님', '#모란', '#병향로', '#인연', '#국색대홍포']"
회장님댁 놀러오세용~...#회장님댁 #회장님댁모란점 #성남 #성남맛집 #모란 #일상 #일 #분위기 #셀카 #좋아요 #좋아요반사 #팔로우 #맞팔 #술스타그램 #술집,2022-04-17,25,,"['#회장님댁', '#회장님댁모란점', '#성남', '#성남맛집', '#모란', '#일상', '#일', '#분위기', '#셀카', '#좋아요', '#좋아요반사', '#팔로우', '#맞팔', '#술스타그램', '#술집']"
"art parting ❤️ 자화상 시리즈 <부귀영화 >60.6x90.9cm / acrylic on canvas, 2022. #자화상#부귀영화#모란 # 행복",2022-04-17,22,,"['#자화상', '#부귀영화', '#모란', '#']"
"🌼안녕,피어싱 모란점🌼 #오늘의귀테리어봄 맞이 깜찍 귀테리어 🦋요청하시면 귀 위치, 스타일 맞춰서 귀테리어 해드리고 있어욤 😆👌택배배송 가능📦3만원 이상 구매시 무료배송 해드립니다 DM으로 문의주세요 (๑❛ө❛๑ )✔️학생할인 진행하고 있어 주변 지하상가랑 가격 비슷합니다! 부담없이 오세요☺️✔️귀뿐만 아니라 특수부위 시술도 전부 가능합니다✔️문의 사항은 DM/매장방문 부탁드려요!📍영업시간: 10:30-22:30(임시)📍문의: 031-722-1547📍경기도 성남시 중원구 성남대로 1132 센트럴파크106호....#안녕피어싱 #모란피어싱 #모란귀걸이 #모란반지 #모란목걸이 #모란 #성남 #모란시장 #성남피어싱 #성남귀걸이 #모란맛집 #성남맛집 #모란술집 #성남술집 #모란역 #모란뷰티 #성남뷰티 #모란역술집 #모란역맛집 #모란역피어싱 #모란역카페 #좋반 #f4f #맞팔 #셀스타그램 #일상 #소통",2022-04-17,15,,"['#오늘의귀테리어봄', '#안녕피어싱', '#모란피어싱', '#모란귀걸이', '#모란반지', '#모란목걸이', '#모란', '#성남', '#모란시장', '#성남피어싱', '#성남귀걸이', '#모란맛집', '#성남맛집', '#모란술집', '#성남술집', '#모란역', '#모란뷰티', '#성남뷰티', '#모란역술집', '#모란역맛집', '#모란역피어싱', '#모란역카페', '#좋반', '#f4f', '#맞팔', '#셀스타그램', '#일상', '#소통']"
놀란 구름탱...🥺🥺어제 밤에 한바탕 소동이..😓다치진 않아서 다행이야#구하네 #시끌벅적_구하네#앵무새 #모란 #구름 #하늘 #모란앵무 #앵스타그램#parrot #lovebird #GUREUM #gureum#オウム #ボタンインコ #雲 #オウム_雲#행 #복 #한 #애 #조 #생 #활 #❣️,2022-04-17,70,,"['#구하네', '#시끌벅적', '#앵무새', '#모란', '#구름', '#하늘', '#모란앵무', '#앵스타그램', '#parrot', '#lovebird', '#GUREUM', '#gureum', '#', '#', '#', '#', '#행', '#복', '#한', '#애', '#조', '#생', '#활', '#']"
.#클라임어스 🚍💎x6문제도 재밌고 정말 깔끔한 암장🧗‍♂️(서울숲이랑 비슷한 느낌??)위치가 넘 멀어서 아쉽지만 담에 또 갈꺼같은!!!초반에 다치는 바람에 남색은 실패‼️,2022-04-17,53,성남 모란시장,['#클라임어스']
좋냐❤️‍🔥,2022-04-17,None,,[]
📷일진처럼 포즈잡아보랬는데..#미안난빵셔틀이라일진포즈몰라😆,2022-04-17,169,오포읍 신현리,['#미안난빵셔틀이라일진포즈몰라']
😍😍😍,2022-04-17,225,롯데월드 (lotteworld),[]
#Repost @shamonstay with @make_repost・・・@moran_a36company 김과장고깃집에서🥰🌸🌸🍶🍺🍻친구쉬는날😁😁😆😆열심히 맛있게먹고. 😍  친절한 우리사장뉨들 쵝오👍💛💛당골이지만. 역쉬 당골 당골하는이유가💜💜😍😍친구랑 한컷~~~📸📸이것또한 소중히 기억되리~~♡.감사합니다👍 또 뵙겠습니다😄😄,2022-04-17,60,모란역,['#Repost']
오늘 집에서 두번째로 지인 플라워클래스. 먼길 와주신 언니동생들 감사하여서 ㅋㅋㅋ 도매시장에서 꽃을 좀 많이 샀음. 세분이 각각 화병반구형/꽃바구니 하나씩 개성있게 만들어가심. 역시 이런 거 해보면 각각 성격나온다.온종일 꽃향기가 넘치고 덕분에 나도 꽃부자됨. 일부러 많이 핀 모란을 사왔는데 정말 크고 아름다웠다. 좋은 날이었어.#모란 #리시안셔스 #알스트로메리아 #카네이션 #꽃바구니,2022-04-17,24,,"['#모란', '#리시안셔스', '#알스트로메리아', '#카네이션', '#꽃바구니']"
깔끔한 어버이날 토퍼♡생크림 케익에 완젼 찰떡!@sweet.comma_cake @cakes_sweetcomma  후기 사진 감사합니다👍#토퍼#케이크토퍼#토퍼주문제작#반전케익토퍼#이든토퍼#광주맘#어버이날토퍼#앙금플라워케이크#신현리#경기도광주카페#어머니선물#좋아#일상#맞팔#분당토퍼#용인맘#성남#정자동#분당#모란#야탑#서현#일상스타그램#선팔하면맞팔#반전케이크 #성남토퍼#분당맘,2022-04-17,47,,"['#', '#', '#', '#', '#', '#', '#', '#', '#', '#', '#', '#', '#', '#', '#', '#', '#', '#', '#', '#', '#', '#', '#', '#', '#', '#', '#']"
.둥이들 애착 인형이랑💕모란이 동생이 둘이나 생겼네 👦🏻👧🏻#모란 #모란이 #반려동물 #반려견 #강아지 #믹스견 #다문화견 #중형견 #댕댕이 #멍멍이 #멈머 #dog #dogstagram #애착인형 #오가닉맘 #오가닉맘인형 #쌍둥이 #동생 #인형 #임신축하선물 #강아지옷 #반려견옷 #강아지실내복 #반려견실내복 #강아지나시 #반려견나시 #강아지민소매 #반려견민소매 #🐶,2022-04-17,27,,"['#모란', '#모란이', '#반려동물', '#반려견', '#강아지', '#믹스견', '#다문화견', '#중형견', '#댕댕이', '#멍멍이', '#멈머', '#dog', '#dogstagram', '#애착인형', '#오가닉맘', '#오가닉맘인형', '#쌍둥이', '#동생', '#인형', '#임신축하선물', '#강아지옷', '#반려견옷', '#강아지실내복', '#반려견실내복', '#강아지나시', '#반려견나시', '#강아지민소매', '#반려견민소매', '#']"
"🌼안녕,피어싱 모란점🌼 #오늘의귀테리어꽃 떨어지기 전에 귀테리어 하고 얼른 꽃구경가세요 😂🌸택배배송 가능📦3만원 이상 구매시 무료배송 해드립니다 DM으로 문의주세요 (๑❛ө❛๑ )✔️학생할인 진행하고 있어 주변 지하상가랑 가격 비슷합니다! 부담없이 오세요☺️✔️귀뿐만 아니라 특수부위 시술도 전부 가능합니다✔️문의 사항은 DM/매장방문 부탁드려요!📍영업시간: 10:30-22:30(임시)📍문의: 031-722-1547📍경기도 성남시 중원구 성남대로 1132 센트럴파크106호....#안녕피어싱 #모란피어싱 #모란귀걸이 #모란반지 #모란목걸이 #모란 #성남 #모란시장 #성남피어싱 #성남귀걸이 #모란맛집 #성남맛집 #모란술집 #성남술집 #모란역 #모란뷰티 #성남뷰티 #모란역술집 #모란역맛집 #모란역피어싱 #모란역카페 #좋반 #f4f #맞팔 #셀스타그램 #일상 #소통",2022-04-17,24,,"['#오늘의귀테리어꽃', '#안녕피어싱', '#모란피어싱', '#모란귀걸이', '#모란반지', '#모란목걸이', '#모란', '#성남', '#모란시장', '#성남피어싱', '#성남귀걸이', '#모란맛집', '#성남맛집', '#모란술집', '#성남술집', '#모란역', '#모란뷰티', '#성남뷰티', '#모란역술집', '#모란역맛집', '#모란역피어싱', '#모란역카페', '#좋반', '#f4f', '#맞팔', '#셀스타그램', '#일상', '#소통']"
#토퍼#케이크토퍼#토퍼주문제작#반전케익토퍼#이든토퍼#광주맘#어버이날토퍼#앙금플라워케이크#신현리#경기도광주카페#어머니선물#좋아#일상#맞팔#분당토퍼#용인맘#성남#정자동#분당#모란#야탑#서현#일상스타그램#선팔하면맞팔#반전케이크 #성남토퍼#분당맘,2022-04-17,15,,"['#', '#', '#', '#', '#', '#', '#', '#', '#', '#', '#', '#', '#', '#', '#', '#', '#', '#', '#', '#', '#', '#', '#', '#', '#', '#', '#']"
"2022년 4월, #모란 #디저트39",2022-04-17,56,,"['#모란', '#디저트39']"
남한산성에 있는 카페산 자연이 좋아 지는 나이🌲🌿,2022-04-17,238,남한산성 카페산,[]
요즘 화실에서는....정신없는 저를 발견하실수 있죵 ㅎㅎㅎㅎ.머리 삼발하고 열작업중이져ㅋㅋ🤪🤪💦.제 피드를 자주보시면 아실지 모르겠지만 가만있지를 못합니다ㅋㅋ.여기저기 잘 돌아다니는데요.😎🔥 핫플인곳을 가도..깊은산속 절주변을 걸어도 자주보이는게 있죠~ 바로 해태💛입니다..가만보면 큰빌딩입구에 왠만하면 해태동상이 있더라구요.우리생활속에 밀접하게 많이 있는데 비해 그닥 표정이나 동작이 다양하지 않다는걸 알수있어요.그래서 그런지 새록새록 아이디어가 많이 떠올라요...전 해태가 좋더라구요.🦁🐯문배도처럼 화나 불을 막는다고도해서 주방에도 걸어놓는 곳도 있던데..애들이 넘 무섭더라구요.^^;.그래서 생각해낸게 귀엽고 이쁜 해태를 만들어 가까이 두고싶다~ 는 생각으로 여러가지 디자인을 하게 되었습니다.부귀영화를 가져다주는 복스런 모란이랑 짝을 이뤄서 말이져~~🌸💛.화를 막는다고해서 맘에 위안을 주는것이지 물리적인힘이 있는게 이니잖아욤.그렇다면 굳이 무섭게 그릴필요가~있나 싶더라구요^^..여차저차 많은 테스트를 거쳐 조만간 이쁜아이가 나올 예정입니다 ㅋㅋㅋ무에서 유는 ...힘드러요.😭😭🔥🔥💦💦💦고민하고 또 고민해서 이쁜작품 보여드릴께요...🌸모란 꽃밭 사이를 이리저리 뛰어다니며 노는 해태 가족들 🐯🦁💛.가족의 안녕과 평화를 부귀영화의미 가득담고 있는 모란 꽃밭에서 뛰어노는 해태 가족들로 표현하고있으니 기대해주세욤~..내맘에 들어야 세상에 나올것이야...😍💛#해태이몽#해태#해치 ..#영수#신수#동상#모란#부귀영화 #모란밭#주말#민화#대구민화#대구민화화실#한옥화실#koreanpainting #koreafolkart #minhwa #koreanfolkpainting,2022-04-17,136,우리집,"['#해태이몽', '#해태', '#해치', '#영수', '#신수', '#동상', '#모란', '#부귀영화', '#모란밭', '#주말', '#민화', '#대구민화', '#대구민화화실', '#한옥화실', '#koreanpainting', '#koreafolkart', '#minhwa', '#koreanfolkpainting']"
초성게임 'ㅅㅊ' 시작 •• !,2022-04-17,38,속초해수욕장,[]
White concrete’생일 진심으로 축하합니다🎂/❤️..#인스타그램#팔로우#소통#맞팔#감성#서울#강남#홍대입구#합정#성남#모란#신도림#당산#신촌#구로#안양#금정#범계#산본#화서#수원#병점#오산#동탄2동#평택#압구정#청주#옥수#울산#ootd,2022-04-15,108,화이트콘크리트,"['#', '#', '#', '#', '#', '#', '#', '#', '#', '#', '#', '#', '#', '#', '#', '#', '#', '#', '#', '#', '#', '#', '#', '#', '#', '#', '#', '#', '#', '#ootd']"
"🌼안녕,피어싱 모란점🌼 항상 와주시는 #귀테리어 단골 고객님 💕살랑살랑 시원한 느낌으로 하고가셨어요 😆❣️택배배송 가능📦3만원 이상 구매시 무료배송 해드립니다 DM으로 문의주세요 (๑❛ө❛๑ )✔️학생할인 진행하고 있어 주변 지하상가랑 가격 비슷합니다! 부담없이 오세요☺️✔️귀뿐만 아니라 특수부위 시술도 전부 가능합니다✔️문의 사항은 DM/매장방문 부탁드려요!📍영업시간: 10:30-22:30(임시)📍문의: 031-722-1547📍경기도 성남시 중원구 성남대로 1132 센트럴파크106호....#안녕피어싱 #모란피어싱 #모란귀걸이 #모란반지 #모란목걸이 #모란 #성남 #모란시장 #성남피어싱 #성남귀걸이 #모란맛집 #성남맛집 #모란술집 #성남술집 #모란역 #모란뷰티 #성남뷰티 #모란역술집 #모란역맛집 #모란역피어싱 #모란역카페 #좋반 #f4f #맞팔 #셀스타그램 #일상 #소통",2022-04-17,9,,"['#귀테리어', '#안녕피어싱', '#모란피어싱', '#모란귀걸이', '#모란반지', '#모란목걸이', '#모란', '#성남', '#모란시장', '#성남피어싱', '#성남귀걸이', '#모란맛집', '#성남맛집', '#모란술집', '#성남술집', '#모란역', '#모란뷰티', '#성남뷰티', '#모란역술집', '#모란역맛집', '#모란역피어싱', '#모란역카페', '#좋반', '#f4f', '#맞팔', '#셀스타그램', '#일상', '#소통']"
#아산 #세계꽃식물원 #모란 #튤립,2022-04-17,4,,"['#아산', '#세계꽃식물원', '#모란', '#튤립']"
사무실 마당안에 목단(모란)꽃이 피었습니다.화투피중에 목단이라고 있죠 ㅋㅋ 똑같아요 ㅋㅋ#목단 #모란 #목단꽃 #treepeony #flowers #cheju,2022-04-17,10,Jeju Korea,"['#목단', '#모란', '#목단꽃', '#treepeony', '#flowers', '#cheju']"
날씨도 좋고 음식도 맛있고~~😁#힐링#감자전,2022-04-17,46,,"['#힐링', '#감자전']"
주문 감사합니다♡#토퍼#케이크토퍼#토퍼주문제작#반전케익토퍼#이든토퍼#광주맘#어버이날토퍼#앙금플라워케이크#신현리#경기도광주카페#어머니선물#좋아#일상#맞팔#분당토퍼#용인맘#성남#정자동#분당#모란#야탑#서현#일상스타그램#선팔하면맞팔#반전케이크 #성남토퍼#분당맘,2022-04-17,35,,"['#', '#', '#', '#', '#', '#', '#', '#', '#', '#', '#', '#', '#', '#', '#', '#', '#', '#', '#', '#', '#', '#', '#', '#', '#', '#', '#']"
#모란 #이자카야 잉데 이름 까묵 #모둠회 #후토마끼 #맛있엉 #❤️ #food #foodstagram,2022-04-17,14,,"['#모란', '#이자카야', '#모둠회', '#후토마끼', '#맛있엉', '#', '#food', '#foodstagram']"
모란꽃이 핀 이상 꿀벌에게 휴일은 없다. 새끼들에게 먹일 꽃가루를 양쪽 다리에 열심히 붙이고 있는 #bees#모란 #꿀벌 #bee #화분 #bees🐝 #beeslife #honey #honeybees,2022-04-17,43,전라남도 구례,"['#bees', '#모란', '#꿀벌', '#bee', '#화분', '#bees', '#beeslife', '#honey', '#honeybees']"
#모란#로바타잔잔 👉 #26포차 👉 #객주이모 👉 #맥켄치킨흥부들 모여모여,2022-04-17,57,,"['#모란', '#로바타잔잔', '#26포차', '#객주이모', '#맥켄치킨흥부들']"
기념일엔 하트 도시락 케이크🤍🤍,2022-04-17,31,카페쿠나,[]
"미완의 엄마.세월호 8주기를 맞이했다.8년전 10대의 딸은 21살이 되었고그 딸에게 나를 그려달라고 했다.누구나 세월호 아이들의 엄마가 될수 있었기에그녀들과 나는 어쩌면 같은 마음 이리라...옛사람들은 모란병풍 앞과 뒤의 삶에서생과 사 를 이야기 했다고 한다.모란앞에서의 삶은 살아있는 삶이요,기쁨의 삶이요, 즐거움의 삶이었다면모란뒤에서의 삶은 어쩌면 죽음을 맞이한이후의 삶이었으리라....8년전, 416 이후 그녀들의 삶은어쩌면 두가지 모두를 안고 살아가는삶이었으리라 감히 생각해본다.그러한 그녀들을... 어쩌면 나를...따뜻하게 안아주고 싶었다.더이상 아이를 안을수도...20살 30살이 되는 모습을 볼 수도 없는...그녀들을 생각하며2022년 4월16일.""미완의엄마""...어쩌면 ""나""를그려봄.#나만의 #추모 #416 #8주기 #모란 #숄 #로 #그녀들을 #나를 #안아주고 #감싸주고 #싶었다 #10대 #딸이 #성년이되어#나를 #그려줌 #고맙다 #함께 #추모할 수 있어서#민화 #모란 #기억하기",2022-04-17,39,,"['#나만의', '#추모', '#416', '#8주기', '#모란', '#숄', '#로', '#그녀들을', '#나를', '#안아주고', '#감싸주고', '#싶었다', '#10대', '#딸이', '#성년이되어', '#나를', '#그려줌', '#고맙다', '#함께', '#추모할', '#민화', '#모란', '#기억하기']"
주문 감사합니다♡#토퍼#케이크토퍼#토퍼주문제작#반전케익토퍼#이든토퍼#광주맘#어버이날토퍼#앙금플라워케이크#신현리#경기도광주카페#어머니선물#좋아#일상#맞팔#분당토퍼#용인맘#성남#정자동#분당#모란#야탑#서현#일상스타그램#선팔하면맞팔#반전케이크 #성남토퍼#분당맘,2022-04-17,52,,"['#', '#', '#', '#', '#', '#', '#', '#', '#', '#', '#', '#', '#', '#', '#', '#', '#', '#', '#', '#', '#', '#', '#', '#', '#', '#', '#']"
어버이날 토퍼 주문 마지막날♡#토퍼#케이크토퍼#토퍼주문제작#반전케익토퍼#이든토퍼#광주맘#어버이날토퍼#앙금플라워케이크#신현리#경기도광주카페#어머니선물#좋아#일상#맞팔#분당토퍼#용인맘#성남#정자동#분당#모란#야탑#서현#일상스타그램#선팔하면맞팔#반전케이크 #성남토퍼#분당맘,2022-04-17,32,,"['#', '#', '#', '#', '#', '#', '#', '#', '#', '#', '#', '#', '#', '#', '#', '#', '#', '#', '#', '#', '#', '#', '#', '#', '#', '#', '#']"
"지난주에 물농도 맞추기 실패해서 멈췄던 다홍이 바림부터 다시 시작!다홍 모란이 바림, 진초록 잎바림, 연초록 잎바림, 갈색 잎끝/줄기 바림까지 1차 바림 끝내고 분홍 모란이부터 2차 바림 시작!🤣🤣 2차 바림을 하니 확실히 모란꽃이 더 이뻐져서 안할수가 없구나😍#취미#민화#우럭화실#강남#민화수업#모란#바림#노력은배신하지않는다",2022-04-17,42,,"['#취미', '#민화', '#우럭화실', '#강남', '#민화수업', '#모란', '#바림', '#노력은배신하지않는다']"
또 취했따❓😵‍💫...#강남 #강남칵테일바 #ay라운지 #엘빈에비뉴 #alvinavenue,2022-04-17,226,AY라운지,"['#강남', '#강남칵테일바', '#ay라운지', '#엘빈에비뉴', '#alvinavenue']"
그냥 대뜸 올리고 싶은거 다 올리기 요새 사진 너무 안찍어서 근황이라고 할 수도 없는 게시물,2022-04-17,None,,[]
#모란,2022-04-17,14,,['#모란']
2022. 4.17#맑은날씨. #기분좋은하루시작 #새소리#부활절아침 #모란 #목단 #도금 #tree_peony,2022-04-17,2,"Mapo, Seoul, Korea","['#맑은날씨', '#기분좋은하루시작', '#새소리', '#부활절아침', '#모란', '#목단', '#도금', '#tree']"
#일상스타그램 #일상소통 #성남 #성남맛집 #분당 #모란 #서현 #붙임머리 #대한곱창 #화사곱창 #곱창전골 #모란맛집 #불토,2022-04-16,48,,"['#일상스타그램', '#일상소통', '#성남', '#성남맛집', '#분당', '#모란', '#서현', '#붙임머리', '#대한곱창', '#화사곱창', '#곱창전골', '#모란맛집', '#불토']"
부활절 새벽미사 보려고 부지런떨었는데..문닫힘 ㅠㅠ 상도동성당☞노량진성당☞재개발 골목길새벽산책 하면서 기도한다. 오늘도 저에게 또 제 주변으로 평온함과 지혜로운이 함께하길요♥P.S 김하나야 관장님~ 보고싶어요!#부활절#상도동성당#노량진성당#모란#꽃사과나무꽃#동작어린이도서관#김하나야 관장님,2022-04-16,8,,"['#부활절', '#상도동성당', '#노량진성당', '#모란', '#꽃사과나무꽃', '#동작어린이도서관', '#김하나야']"
아침은 마카롱&부추김치전요.마카롱과 부추전 잘 안 어울릴것 같지만 단짠의 조화 괜찮네요.아침부터 불멍중.굿하루 되세요~#아들#아들은 일찍 깨우라더니 마카롱 먹고 들어가버림#먹스타그램#먹팔#미스터마카롱#모란 미스터마카롱#티#tea#불멍,2022-04-16,50,,"['#아들', '#아들은', '#먹스타그램', '#먹팔', '#미스터마카롱', '#모란', '#티', '#tea', '#불멍']"
원래 오늘 쉬는 날인데 머슬 핏 반팔 티 와서 사진 찍고 싶어서 헬스장 출석했습니다,2022-04-16,31,스카이뷰 휘트니스2호점,[]
#오랜만에만남#반가웠어#모란#횟집#개불#기타회들#우럭매운탕🐟,2022-04-16,4,모란역,"['#오랜만에만남', '#반가웠어', '#모란', '#횟집', '#개불', '#기타회들', '#우럭매운탕']"
4/14 오늘의 날씨☀️요즘 들어서 개인적인 일이나 지금 하고 있는 일이 너무 힘들어서🥵🥵 아침저녁 두 번 운동하기 힘드네요😓😓 그래서 그런지 저녁에 운동하면 운동하는 게 아니라 스트레스 받는 걸 운동으로 푸는 거 같아서😡🤬🤬 걱정이에요 정상적인 자세로 운동하는 게 좋은데 정신적으로 힘든 만큼 몸으로 버티는 거 같아서 걱정입니다🤫🤫🤫 앞으로 쓸데없는 생각 버리고 조금 더 운동에 집중해 보려고 노력하겠습니다😵😵오버헤드프레스40kgx5앉아서 오버헤드프레스20kgx5시티드로우35kg x10토크로우35kg x10숄더프레스35kgx10,2022-04-16,25,스카이뷰 휘트니스2호점,[]
퇴근후한잔🍻...#퇴근후한잔 #1년만에재방문 #토닉워터소주 #모란 #모란장술집♨️ #키를꽂으면캔들에불이들어와요😲 #돈마호크스테이크 #홍합크림스튜 #술스타그램 #소통🙆 #선팔 #맞팔 #좋아요,2022-04-16,20,,"['#퇴근후한잔', '#1년만에재방문', '#토닉워터소주', '#모란', '#모란장술집', '#키를꽂으면캔들에불이들어와요', '#돈마호크스테이크', '#홍합크림스튜', '#술스타그램', '#소통', '#선팔', '#맞팔', '#좋아요']"
옴마!!! 펠렛이 구르미부리만해...! ㅋㅋ😮😮펠렛 : 카이텍 오븐 프레쉬 중형#구하네 #시끌벅적_구하네#앵무새 #모란 #구름 #하늘 #모란앵무 #앵스타그램#parrot #lovebird #GUREUM #gureum#オウム #ボタンインコ #雲 #オウム_雲#행 #복 #한 #애 #조 #생 #활 #❣️,2022-04-16,69,,"['#구하네', '#시끌벅적', '#앵무새', '#모란', '#구름', '#하늘', '#모란앵무', '#앵스타그램', '#parrot', '#lovebird', '#GUREUM', '#gureum', '#', '#', '#', '#', '#행', '#복', '#한', '#애', '#조', '#생', '#활', '#']"
행복한시간....#1차 #팔당오징어 #2차 #끌 #모란 #모란역 #모란맛집 #즐거운시간 #즐거웠습니다,2022-04-16,None,모란 오거리,"['#1차', '#팔당오징어', '#2차', '#끌', '#모란', '#모란역', '#모란맛집', '#즐거운시간', '#즐거웠습니다']"
"2022.04.164년만에 보는 얼굴, 반갑네요😊4년전 우리들의 모습이 생각나기도 하고 그립기도 했던,재미있고 즐거웠던 그때가 생각하네🙂-날씨도 좋았고 분위기도 좋았던,역시 하이볼은 맛있었다🥂어묵도 맛있고👍🏻다음엔 다 같이 또 갈게요😄#어묵바#쉼#모란#맛집 @rest__bar#모란술집#하이볼#서울의밤#사장님의추천",2022-04-16,22,,"['#어묵바', '#쉼', '#모란', '#맛집', '#모란술집', '#하이볼', '#서울의밤', '#사장님의추천']"
😶‍🌫️😶‍🌫️필터 못잃어~~~! 간만에 커플룩입고 데이트도하고 머리도하고 기분이 엄청 좋아유 :-) #아직소문안난카페 #무공간카페 #신현리무공간 #무공간 #신현리카페,2022-04-16,132,오포읍 신현리,"['#아직소문안난카페', '#무공간카페', '#신현리무공간', '#무공간', '#신현리카페']"
#살롱고은 에서 시술 하셨어요💕원하시는 느낌과 추천드린 스타일과 믹스해서 작업하니 더 좋은 결과물로 나오는거같아요🥰#플라워펌 #고은펌 #허쉬레이어드펌 진챠 오랜만에 만족도 높은 시술이었답니댱🤭저희 영업부장 후추 무서워하셔도 항상 찾아주시는 우리고객님 넘 감사룽해여😢💜,2022-04-16,23,,"['#살롱고은', '#플라워펌', '#고은펌', '#허쉬레이어드펌']"
#살롱고은 에서 시술하셨어요💜슬슬 다가오는 여름에는 역시 #히피펌 🥰몇개월 동안 안된다고 안된다고 했는데 이렇게 잘나올 줄이야..🙃 이러면 제가 엄살 부린거같잖아요🥺오픈 준비 하시는거 꼭 잘되서 저희 후추 용품 사러갈게요호💕 #제아린 화이또💕,2022-04-16,19,,"['#살롱고은', '#히피펌', '#제아린']"
와 맛있어😋....#88스지 #스지모듬전골 #모란주점 #분당 #모란주점전골 #수육 #고기 #사태 #스지 #스지수육 #모란주점수육전골 #수육전골 #두부김치 #고기스타그램 #전골스타그램 #전골 #맛집 #모란 #모란역 #맛집스타그램 #맛스타 #먹스타 #맛스타그램 #먹스타그램 #오늘 #주말 #일상 #데일리 #좋아요 #좋아요반사,2022-04-16,28,,"['#88스지', '#스지모듬전골', '#모란주점', '#분당', '#모란주점전골', '#수육', '#고기', '#사태', '#스지', '#스지수육', '#모란주점수육전골', '#수육전골', '#두부김치', '#고기스타그램', '#전골스타그램', '#전골', '#맛집', '#모란', '#모란역', '#맛집스타그램', '#맛스타', '#먹스타', '#맛스타그램', '#먹스타그램', '#오늘', '#주말', '#일상', '#데일리', '#좋아요', '#좋아요반사']"
#클라임어스꿀보라들 🤔7방2방1방1방 나머진 🔥,2022-04-16,135,,['#클라임어스꿀보라들']
More more #이끼 #모란 #럽스타그램 @luvvv_ggg,2022-04-16,15,,"['#이끼', '#모란', '#럽스타그램']"
ㅅ....사쿠라네?사쿠라여!#성남 #모란 #다트 #성남다트 #모란다트 #다트프린스 #다트플렉스 #darts🎯 #morandarts #morandarts #seongnammagumdarts #seongnam #매그넘모란점 #매그넘 #세계맥주 #smc #pheonixdarts #perfectdarts #퍼펙트다트 #피닉스다트 #플렉스컵,2022-04-16,19,매그넘모란점,"['#성남', '#모란', '#다트', '#성남다트', '#모란다트', '#다트프린스', '#다트플렉스', '#darts', '#morandarts', '#morandarts', '#seongnammagumdarts', '#seongnam', '#매그넘모란점', '#매그넘', '#세계맥주', '#smc', '#pheonixdarts', '#perfectdarts', '#퍼펙트다트', '#피닉스다트', '#플렉스컵']"
모란 ❗️쉼 ❗️어묵바 어묵 먹다 사장님 가슴에 반해 평생 쉬고 싶어요🥺 사장님 벌크업 금지,2022-04-16,63,,[]
제발요..😂 플렉스컵2차때 이만큼만 던지게 해주세요😂😭#성남 #모란 #다트 #성남다트 #모란다트 #다트프린스 #다트플렉스 #darts🎯 #morandarts #morandarts #seongnammagumdarts #seongnam #매그넘모란점 #매그넘 #세계맥주 #smc #pheonixdarts #perfectdarts #퍼펙트다트 #피닉스다트 #플렉스컵,2022-04-16,None,매그넘모란점,"['#성남', '#모란', '#다트', '#성남다트', '#모란다트', '#다트프린스', '#다트플렉스', '#darts', '#morandarts', '#morandarts', '#seongnammagumdarts', '#seongnam', '#매그넘모란점', '#매그넘', '#세계맥주', '#smc', '#pheonixdarts', '#perfectdarts', '#퍼펙트다트', '#피닉스다트', '#플렉스컵']"
"오랜만에 화장한 기념으로다가 사진 찍어봤는데 내일이면 이얼굴도 안녕이겠지,,ㅎㅎ",2022-04-16,None,,[]
주말아 천천히 가줄래😛🪴,2022-04-16,120,,[]
오랜만에  블랙이 일광욕  #반려묘 #모란 #앵무,2022-04-16,14,,"['#반려묘', '#모란', '#앵무']"
오늘 복실이는 두개를 했어요하나 더 하고싶었는데 아쉽...🥺#모란 #클라임어스 #취미스타그램 #실내클라이밍 #클라이밍 #볼더링 #난이도 #🟣x2,2022-04-16,58,,"['#모란', '#클라임어스', '#취미스타그램', '#실내클라이밍', '#클라이밍', '#볼더링', '#난이도', '#']"
"🌼안녕,피어싱 모란점🌼 #오늘의귀테리어시원한 블루로 귀테리어 해봤어욤 🌊택배배송 가능📦3만원 이상 구매시 무료배송 해드립니다 DM으로 문의주세요 (๑❛ө❛๑ )✔️학생할인 진행하고 있어 주변 지하상가랑 가격 비슷합니다! 부담없이 오세요☺️✔️귀뿐만 아니라 특수부위 시술도 전부 가능합니다✔️문의 사항은 DM/매장방문 부탁드려요!📍영업시간: 10:30-22:30(임시)📍문의: 031-722-1547📍경기도 성남시 중원구 성남대로 1132 센트럴파크106호....#안녕피어싱 #모란피어싱 #모란귀걸이 #모란반지 #모란목걸이 #모란 #성남 #모란시장 #성남피어싱 #성남귀걸이 #모란맛집 #성남맛집 #모란술집 #성남술집 #모란역 #모란뷰티 #성남뷰티 #모란역술집 #모란역맛집 #모란역피어싱 #모란역카페 #좋반 #f4f #맞팔 #셀스타그램 #일상 #소통",2022-04-16,34,,"['#오늘의귀테리어시원한', '#안녕피어싱', '#모란피어싱', '#모란귀걸이', '#모란반지', '#모란목걸이', '#모란', '#성남', '#모란시장', '#성남피어싱', '#성남귀걸이', '#모란맛집', '#성남맛집', '#모란술집', '#성남술집', '#모란역', '#모란뷰티', '#성남뷰티', '#모란역술집', '#모란역맛집', '#모란역피어싱', '#모란역카페', '#좋반', '#f4f', '#맞팔', '#셀스타그램', '#일상', '#소통']"
🐛슈퍼밀웜 정복완료🐛#일밀을더좋아함#슈퍼밀웜#밀웜#갈라앵무새#갈라앵무#갈라#갈라코카투#코카투#앵무새#새#조류#앵집사#앵무새집사#행복#일상#동물스타그램#반려스타그램#반려조스타그램#galah#galahsofinstagram#cockatoo#cockatielsofinstagram#parrot#bird#bird#모란앵무#모란앵무새#모란#lovebird,2022-04-16,94,,"['#일밀을더좋아함', '#슈퍼밀웜', '#밀웜', '#갈라앵무새', '#갈라앵무', '#갈라', '#갈라코카투', '#코카투', '#앵무새', '#새', '#조류', '#앵집사', '#앵무새집사', '#행복', '#일상', '#동물스타그램', '#반려스타그램', '#반려조스타그램', '#galah', '#galahsofinstagram', '#cockatoo', '#cockatielsofinstagram', '#parrot', '#bird', '#bird', '#모란앵무', '#모란앵무새', '#모란', '#lovebird']"
전국 유일엘리코.아이반코.우에사카.웍산등등 세계 최고 등급의 명품 바벨을 골라가며 사용할수 있는 체육관운동이 처음 이신분도국가 대표 출신들도 모두 만족할수 있는 체육관 그런 체육관을 만들어 가겠습니다.,2022-04-16,65,,[]
맛집 #연어맛집 #육회맛집 #연어 #육회 #성남동 #태평동#모란맛집 #모란 #금광동#성남 #성남카페 #배달음식추천 #음식 #맛집여행 #상대원맛집 #신흥역 #신흥맛집 #동서울대학교 #모란역맛집 #하대원맛집#상대원맛집 #태평동맛집 #복정동맛집,2022-04-16,12,성남동 (성남시),"['#연어맛집', '#육회맛집', '#연어', '#육회', '#성남동', '#태평동', '#모란맛집', '#모란', '#금광동', '#성남', '#성남카페', '#배달음식추천', '#음식', '#맛집여행', '#상대원맛집', '#신흥역', '#신흥맛집', '#동서울대학교', '#모란역맛집', '#하대원맛집', '#상대원맛집', '#태평동맛집', '#복정동맛집']"
불금!1차 모란 끌에서 편백나무 고기말이 먹고2차 신흥에서 다른 일행 만난 후 조개찜 먹고 3차 비어킹에서 피자까지#고기말이 #편백나무 #조개찜 #페스츄리피자 #성남 #성남맛집 #모란 #모란맛집 #신흥 #신흥맛집 #모란역 #모란역맛집 #신흥역 #신흥역맛집 #끌모란점 #비어킹,2022-04-16,44,,"['#고기말이', '#편백나무', '#조개찜', '#페스츄리피자', '#성남', '#성남맛집', '#모란', '#모란맛집', '#신흥', '#신흥맛집', '#모란역', '#모란역맛집', '#신흥역', '#신흥역맛집', '#끌모란점', '#비어킹']"
엄니가 좋아하는 꽃 시리즈 80뜰안 시리즈#모란 #꽃잔디 #할미꽃 #하늘매발톱꽃 #수염피랭이꽃 #영산홍🌺,2022-04-16,10,,"['#모란', '#꽃잔디', '#할미꽃', '#하늘매발톱꽃', '#수염피랭이꽃', '#영산홍']"
🌹네일샵언니..네일의 선두주자울 츤츤이😍..  예약양식°성함/연락처°원하시는 날짜/시간°젤제거 유/무°원하시는디자인(아트사진첨부)°연장or랩핑 여부는 미리말씀안하시면시술이어려울수있어용°예약가능시 예약금안내문 보내드려요  예약문의°010 7743 4179°kakao ID: nailshopunnii (디엠❌)°시술중에는 답변이 어려울수있어요🙏..#성남네일 #분당네일 #모란네일#모란 #네일샵 #모란역네일샵#메가프라자네일샵 #2인동시시술가능#네일 #패디 #네일아트 #패디아트#네일샵언니 #nailshopunnii #이달의아트 #이달의네일 #이벤트아트#스톤네일 #스와로브스키네일#봄네일 #봄패디 #예쁜네일 #예쁜패디#웨딩네일 #네일잘하는곳 #네일저렴한곳#선팔맞팔환영 #좋반,2022-04-16,27,모란역,"['#성남네일', '#분당네일', '#모란네일', '#모란', '#네일샵', '#모란역네일샵', '#메가프라자네일샵', '#2인동시시술가능', '#네일', '#패디', '#네일아트', '#패디아트', '#네일샵언니', '#nailshopunnii', '#이달의아트', '#이달의네일', '#이벤트아트', '#스톤네일', '#스와로브스키네일', '#봄네일', '#봄패디', '#예쁜네일', '#예쁜패디', '#웨딩네일', '#네일잘하는곳', '#네일저렴한곳', '#선팔맞팔환영', '#좋반']"
🌹네일샵언니..자개💜울혜민님 리액션은 언제나최고👍지금쯤 마라탕 맛나게 드시고있겠지?😋..  예약양식°성함/연락처°원하시는 날짜/시간°젤제거 유/무°원하시는디자인(아트사진첨부)°연장or랩핑 여부는 미리말씀안하시면시술이어려울수있어용°예약가능시 예약금안내문 보내드려요  예약문의°010 7743 4179°kakao ID: nailshopunnii (디엠❌)°시술중에는 답변이 어려울수있어요🙏..#성남네일 #분당네일 #모란네일#모란 #네일샵 #모란역네일샵#메가프라자네일샵 #2인동시시술가능#네일 #패디 #네일아트 #패디아트#네일샵언니 #nailshopunnii #이달의아트 #이달의네일 #이벤트아트#스톤네일 #스와로브스키네일#봄네일 #봄패디 #예쁜네일 #예쁜패디#웨딩네일 #네일잘하는곳 #네일저렴한곳#선팔맞팔환영 #좋반,2022-04-16,32,모란역,"['#성남네일', '#분당네일', '#모란네일', '#모란', '#네일샵', '#모란역네일샵', '#메가프라자네일샵', '#2인동시시술가능', '#네일', '#패디', '#네일아트', '#패디아트', '#네일샵언니', '#nailshopunnii', '#이달의아트', '#이달의네일', '#이벤트아트', '#스톤네일', '#스와로브스키네일', '#봄네일', '#봄패디', '#예쁜네일', '#예쁜패디', '#웨딩네일', '#네일잘하는곳', '#네일저렴한곳', '#선팔맞팔환영', '#좋반']"
🌹네일샵언니..이달의아트5.5퍼플색 파츠품절로 클리어로 대체😅주문하면 다나가고 주문하면 다나가고ㅋㅋㅋㅋ우리샵 효자아트🙊..  예약양식°성함/연락처°원하시는 날짜/시간°젤제거 유/무°원하시는디자인(아트사진첨부)°연장or랩핑 여부는 미리말씀안하시면시술이어려울수있어용°예약가능시 예약금안내문 보내드려요  예약문의°010 7743 4179°kakao ID: nailshopunnii (디엠❌)°시술중에는 답변이 어려울수있어요🙏..#성남네일 #분당네일 #모란네일#모란 #네일샵 #모란역네일샵#메가프라자네일샵 #2인동시시술가능#네일 #패디 #네일아트 #패디아트#네일샵언니 #nailshopunnii #이달의아트 #이달의네일 #이벤트아트#스톤네일 #스와로브스키네일#봄네일 #봄패디 #예쁜네일 #예쁜패디#웨딩네일 #네일잘하는곳 #네일저렴한곳 #선팔맞팔환영 #좋반,2022-04-16,21,모란역,"['#성남네일', '#분당네일', '#모란네일', '#모란', '#네일샵', '#모란역네일샵', '#메가프라자네일샵', '#2인동시시술가능', '#네일', '#패디', '#네일아트', '#패디아트', '#네일샵언니', '#nailshopunnii', '#이달의아트', '#이달의네일', '#이벤트아트', '#스톤네일', '#스와로브스키네일', '#봄네일', '#봄패디', '#예쁜네일', '#예쁜패디', '#웨딩네일', '#네일잘하는곳', '#네일저렴한곳', '#선팔맞팔환영', '#좋반']"
#일상 #데일리 #운동 #헬린이 #클라이밍 #클린이 #볼더링 #벽타기 #취미 #운동하는남자 #클라임어스 #성남클라이밍 #climbs_us_moran #모란 #소통 #오운완 #클라이밍친구환영 #life #daily #workout #climbing #Bouldering #workoutman #man #goodday2022.4.13🔵✖️1❄️✖️2🟣✖️❌❌보라색 난이도 녹색 홀드들 너무 힘들다 ㅠㅠ,2022-04-16,74,클라임어스 모란 - Climb Us Moran,"['#일상', '#데일리', '#운동', '#헬린이', '#클라이밍', '#클린이', '#볼더링', '#벽타기', '#취미', '#운동하는남자', '#클라임어스', '#성남클라이밍', '#climbs', '#모란', '#소통', '#오운완', '#클라이밍친구환영', '#life', '#daily', '#workout', '#climbing', '#Bouldering', '#workoutman', '#man', '#goodday2022']"
아플때는 먹는거랬어~~ㅋㅋㅋㅋ 담주부터는 운동시작이니 이번주까지는 즐기잡!😄#쭈꾸미샤브샤브 #삽다리곱창 #파스타 #오지치즈후라이 #모란 #스지수육전골 #은희네해장국 #돔베고기 #배터지게먹고 #아푸지말자,2022-04-16,8,성남 태평동,"['#쭈꾸미샤브샤브', '#삽다리곱창', '#파스타', '#오지치즈후라이', '#모란', '#스지수육전골', '#은희네해장국', '#돔베고기', '#배터지게먹고', '#아푸지말자']"
"📢휴무 안내내일 17일은 정기 휴무일입니다!하루 쉬어가면서 재충전 후 다시 뵙겠습니다🙇🏻‍♂️ *매월 첫째, 셋째 일요일은 정기 휴무입니다*단, 모란장날일 경우 정상 영업합니다...#모손 #모손카페 #카페모손 #모란카페추천#모란 #모란시장 #모란역 #모란역카페 #신규카페#모란카페 #모란디저트 #크런치토스트 #모란맛집#모란커피맛집 #성남카페 #성남커피맛집 #먹팔#분당카페 #분당디저트 #분당커피맛집 #분당맛집#moson #mosoncafe #cafemoson #디저트맛집#거울맛집 #골목맛집 #숨은맛집 #카페스타그램 #맞팔",2022-04-16,None,모손,"['#모손', '#모손카페', '#카페모손', '#모란카페추천', '#모란', '#모란시장', '#모란역', '#모란역카페', '#신규카페', '#모란카페', '#모란디저트', '#크런치토스트', '#모란맛집', '#모란커피맛집', '#성남카페', '#성남커피맛집', '#먹팔', '#분당카페', '#분당디저트', '#분당커피맛집', '#분당맛집', '#moson', '#mosoncafe', '#cafemoson', '#디저트맛집', '#거울맛집', '#골목맛집', '#숨은맛집', '#카페스타그램', '#맞팔']"
모란이 벌써 피었어요 엄청 반가웠어요 #모란 #모란맛집 #모란꽃 #모란꽃집 #모란이피기까지는 #화려한 #꽃선물 #꽃놀이 #꽃자수 #꽃사진 #꽃그림 #힐링타임 #힐링여행 #분위기깡패 #느낌아니까 #지금 #flowers #pretty #beauty #photo #happy #하늘사진 #서울 #한강 #야생화 #다시 #맛스타그램 #소통환영 #등산스타그램 #경치,2022-04-16,126,,"['#모란', '#모란맛집', '#모란꽃', '#모란꽃집', '#모란이피기까지는', '#화려한', '#꽃선물', '#꽃놀이', '#꽃자수', '#꽃사진', '#꽃그림', '#힐링타임', '#힐링여행', '#분위기깡패', '#느낌아니까', '#지금', '#flowers', '#pretty', '#beauty', '#photo', '#happy', '#하늘사진', '#서울', '#한강', '#야생화', '#다시', '#맛스타그램', '#소통환영', '#등산스타그램', '#경치']"
🌼🙂......#즉흥 #만남 #거울샷 #사진찍기좋은곳 #땅속카페 #모란 #피드 #박제 #좋아요 #happy,2022-04-16,44,,"['#즉흥', '#만남', '#거울샷', '#사진찍기좋은곳', '#땅속카페', '#모란', '#피드', '#박제', '#좋아요', '#happy']"
⭐️⭐️⭐️쏘쏘 #성지술례 #모란 #칵테일바 #난알럽쏘주,2022-04-16,4,,"['#성지술례', '#모란', '#칵테일바', '#난알럽쏘주']"
스트레스는 매운음식!#매운집 #모란매운집 #곱도리탕 #닭도리탕 #모란맛집 #성남맛집 #모란 #맛집 #밖순이일상 #일상 #매운음식,2022-04-16,33,,"['#매운집', '#모란매운집', '#곱도리탕', '#닭도리탕', '#모란맛집', '#성남맛집', '#모란', '#맛집', '#밖순이일상', '#일상', '#매운음식']"
.목단이 피는 계절이 돌아왔다.#목단 #모란 #peony #treepeony #꽃스타그램 #정원에서 #qhasgarden,2022-04-16,10,,"['#목단', '#모란', '#peony', '#treepeony', '#꽃스타그램', '#정원에서', '#qhasgarden']"
고오급반 2주차!#모란 #줄리엣로즈 #목련#페이퍼플라워,2022-04-16,14,,"['#모란', '#줄리엣로즈', '#목련', '#페이퍼플라워']"
22.04.16오랜만에 새메뉴 먹으러 또랑🤭양송이 그라탕 👍넘나맛있음❤️#술또랑 #모란맛집 #모란 #뉴메뉴,2022-04-16,13,,"['#술또랑', '#모란맛집', '#모란', '#뉴메뉴']"
"사람들이 꽃으로 기후위기를 실감한다는 게, 아름답고 잔인한 일인 것 같다는 문구를 봤는데… 정말 공감이 간다. 모란이 벌써 피었다.  #오늘의꽃친구 #모란",2022-04-16,10,,"['#오늘의꽃친구', '#모란']"
마당의 모란#모란 #목단,2022-04-16,30,,"['#모란', '#목단']"
일주일 안본 사이에 전부 폈다.#모란 #목단,2022-04-16,27,,"['#모란', '#목단']"
내새꾸 설아랑 푹 자구 이제 저녁 산책 타임💖..........#설아#20210819#애견#반려견#강아지일상#댕스타그램#멈머#강아지#비숑프리제#비숑#미니비숑#🐾#🤍#강아지옷#강아지#운동#헛둘헛둘#애견카페#굿모닝#주말#휴무#산책#멍스타그램#멍팔#멍팔맞팔#하네스#모란#멍스타#멍스타그램#오늘의강아지#귀여워#💖,2022-04-16,13,귀여운갱알지,"['#설아', '#20210819', '#애견', '#반려견', '#강아지일상', '#댕스타그램', '#멈머', '#강아지', '#비숑프리제', '#비숑', '#미니비숑', '#', '#', '#강아지옷', '#강아지', '#운동', '#헛둘헛둘', '#애견카페', '#굿모닝', '#주말', '#휴무', '#산책', '#멍스타그램', '#멍팔', '#멍팔맞팔', '#하네스', '#모란', '#멍스타', '#멍스타그램', '#오늘의강아지', '#귀여워', '#']"
날씨 좋은 토요일고기 드시러 오세요~~~^^#서비스짱 #깜보,2022-04-16,54,모란 오거리,"['#서비스짱', '#깜보']"
주말엔 마음껏 먹고 자고 쉬고✨월요일부터 다시어터 ❤️‍🔥......#모란#맛집#누룩#서월#불금#불토#피어몬트#오운완#운동#운동하는여자#다이어트#눈바디#선팔#맞팔#헬스#헬스장#데일리#일상#좋아요#치팅#휴무#주말#ootd#dailylook#daily#workout#today#selfie#봄#🤎,2022-04-16,51,꿀주말,"['#모란', '#맛집', '#누룩', '#서월', '#불금', '#불토', '#피어몬트', '#오운완', '#운동', '#운동하는여자', '#다이어트', '#눈바디', '#선팔', '#맞팔', '#헬스', '#헬스장', '#데일리', '#일상', '#좋아요', '#치팅', '#휴무', '#주말', '#ootd', '#dailylook', '#daily', '#workout', '#today', '#selfie', '#봄', '#']"
결혼준비웨딩링 가드링💍 은서 프로포즈링 어디갔어..?,2022-04-16,65,은영주얼리,[]
"⚀ #착한포차 / #착한포차2  성남 최고의 포차~~⚃중원구 성남동 3411 번지 ➡️ 031-757-4049 ➡️ 031-757-4050ᆢᆢᆢ⚀⚀⚀신나는~~~🔥불토~~보내세요~~~~~^^😍ᆢᆢᆢᆢ✡✡✡✡✡ 영업시간 변경 ✡✡✡✡✡ㅡ 매장 ➡️ 오후 4시~ 12시 까지 (⚠️거리두기)ㅡ  배달 / 포장 ➡️ 11시까지 (⚠️쿠팡이츠 ᆢ 착한포차2 )ᆢᆢ💚💚💚고맙습니다~~~^🤗ᆢᆢᆢᆢᆢᆢ☸☸☸☸☸☸☸☸☸☸ᆢ💟계절메뉴 / 💟 특별 한시메뉴ᆢᆢ⭕ 자연산~~ 💟 #소라게발 ~~👍⭕ 싱싱한~ 서해 💟 #쏙 (⚠️바다 갯가재)⭕ 시원한~~ 💟 해물 #물회⭕ 서해~ 살아있는 💟 #범게 / #꽃게 (⚠️ 배 작업시)ᆢᆢᆢᆢᆢ💟💟💟💟💟➡️ 쿠팡이츠  배달 ~~~^^😍😍😍ᆢᆢ➡️➡️ 배달주소에  경기도성남시  선택후~~➡️➡️ 우측 상단에 💟 "" 착한포차2 ""  를치시면  되요~~~~~^^🤗ᆢᆢ고맙습니다~~~~^^😘😘😘ᆢᆢᆢᆢᆢ💟💟💟대표 메뉴ㅡ어벤져스 한우 탕탕이ㅡ명품 새우장ㅡ중독 가오리찜ㅡ해물 순두부 찌개ᆢᆢ💟💟💟인기 메뉴ㅡ얼큰  짜작이 ~ (⚠️ 신메뉴)ㅡ연어 & 한우 육회ㅡ낙지 탕탕이ㅡ소라 숙회ㅡ소라게 발ㅡ바싹~고소~  닭새우 구이ㅡ제주산  딱새우 회 (⚠️추가 메뉴)ㅡ보양  연포탕ㅡ싱싱~  전복회ㅡ매운 룽샤ㅡ생  문어 숙회ㅡ따닥 불고기ㅡ산낙지 한접시ㅡ멍게 (돌멍게) 한접시ㅡ아구포 구이 (⚠️추가메뉴)ᆢᆢ💟💟💟계절메뉴ㅡ 쏙 (바다갯가재)ㅡ봄 도다리 회ㅡ범게 탕(찜)ㅡ 꽃게 탕(찜)ㅡ얼음 물회ㅡ오징어 통찜ㅡ 전어 구이(회)ㅡ 오도리 (생 새우회)ㅡ꼬막 데침ㅡ도루묵 찌개(구이)ㅡ포항 해풍  과메기ㅡ특허  석화 찜(회)ㅡ홍가리비 찜(회)ㅡ겨울 호래기 회ㅡ예약  킹크랩ᆢᆢᆢᆢ🛑🛑🛑문의ᆢ031ㅡ757ㅡ4049 ᆢ031ㅡ757ㅡ4050 ᆢ고맙습니다~~~❤❤❤ᆢᆢᆢᆢᆢ#mbc생방송오늘저녁 #sbs생방송투데이 #성남맛집 #모란맛집 #모란역추천맛집 #모란역맛집 #딱새우 #한우육회탕탕이 #새우장 #가오리찜 #문어숙회 #해물순두부찌개 #모란 #닭새우 #물회 #먹스타그램 #맛스타그램 #food #eating",2022-04-16,51,,"['#착한포차', '#착한포차2', '#소라게발', '#쏙', '#물회', '#범게', '#꽃게', '#mbc생방송오늘저녁', '#sbs생방송투데이', '#성남맛집', '#모란맛집', '#모란역추천맛집', '#모란역맛집', '#딱새우', '#한우육회탕탕이', '#새우장', '#가오리찜', '#문어숙회', '#해물순두부찌개', '#모란', '#닭새우', '#물회', '#먹스타그램', '#맛스타그램', '#food', '#eating']"
"Hello:) 아임뷰티입니다☺⠀한올한올 자연스러운 자연눈썹✍🏻내눈썹 결과 어우러지게  시술도와드렸습니다💜⠀⠀*고객시술확인용으로 시술 전,후 사진 촬영이 있으며 일부 인스타,블로그에 게시될 수 있으니 원치 않으시면 미리 말씀해주세요~⠀⠀⠀⠀✔예약문의 및 상담⠀📞 010.9397.5885 &DM예약제로 운영되다보니 예약시간 엄수부탁드릴께요⠀⠀#맞팔 #선팔 #좋아요 #메이크업 #청담메이크업 #문정메이크업#메이크업아티스트 #문정메이크업 #잠실메이크업 #송파메이크업 #잠실 #송파 #건대 #천호 #하남 #분당 #판교 #모란 #건대메이크업 #건대반영구 #문정반영구 #잠실반영구 #잠실속눈썹펌⠀⠀⠀⠀",2022-04-16,66,,"['#맞팔', '#선팔', '#좋아요', '#메이크업', '#청담메이크업', '#문정메이크업', '#메이크업아티스트', '#문정메이크업', '#잠실메이크업', '#송파메이크업', '#잠실', '#송파', '#건대', '#천호', '#하남', '#분당', '#판교', '#모란', '#건대메이크업', '#건대반영구', '#문정반영구', '#잠실반영구', '#잠실속눈썹펌']"
⠀Hello:) 아임뷰티입니다☺️⠀민트 컬러 + 데이지포인트🌼⠀⠀✔️기본손젤 35 발젤45✔️컬러추가는 무료🎨⠀✔️상담후 아트가격안내⠀⠀⠀15년이상 경력으로 꼼꼼하게 시술해드려요:)⠀예약제로 운영되다보니 예약시간 엄수부탁드릴께요⠀메이크업 :) 수강 / 데일리 / 혼주 / 수정 / 출장반영구 :) 눈썹 / 아이라인 / 헤어라인 /입술속눈썹펌⠀✔️예약문의 및 상담⠀📞 010.9397.5885📩카톡 아임뷰티 추가!⠀#맞팔 #선팔 #좋아요 #메이크업 #청담메이크업 #문정메이크업#메이크업아티스트 #문정메이크업 #잠실메이크업 #송파메이크업 #잠실 #송파 #건대 #천호 #하남 #분당 #판교 #모란 #건대메이크업 #건대반영구 #문정반영구 #잠실반영구 #잠실속눈썹펌 #네일 #젤네일 #아임네일 #젤패디⠀⠀⠀⠀⠀⠀⠀⠀⠀,2022-04-16,70,,"['#맞팔', '#선팔', '#좋아요', '#메이크업', '#청담메이크업', '#문정메이크업', '#메이크업아티스트', '#문정메이크업', '#잠실메이크업', '#송파메이크업', '#잠실', '#송파', '#건대', '#천호', '#하남', '#분당', '#판교', '#모란', '#건대메이크업', '#건대반영구', '#문정반영구', '#잠실반영구', '#잠실속눈썹펌', '#네일', '#젤네일', '#아임네일', '#젤패디']"
예전에는 솔기 있을때는 잠잘때 둘이 보기 좋았는데 솔기가 하늘나라 간뒤 울방울이 뒤태가 외로워 보이네요 😭,2022-04-16,124,,[]
(Mr.생존잘함)🌸,2022-04-16,93,,[]
2022첫모란꽃이피였어요#모란,2022-04-16,2,,['#모란']
모란왕족발#족발 #모듬족발 #모란왕족발 #성남 #성남맛집 #모란 #모란맛집 #모란역 #모란역맛집,2022-04-16,59,모란왕족발,"['#족발', '#모듬족발', '#모란왕족발', '#성남', '#성남맛집', '#모란', '#모란맛집', '#모란역', '#모란역맛집']"
여름으로 넘어가기전에 봄느낌 내보기🌸은영쌤 진짜 오랜만에 뵀는데마치 어제본것처럼 즐겁게 얘기하면서 시간이 지나갔다(⑅˃◡˂⑅)패디는 민영쌤의 추천컬러로 해서다 될때까지 보지도않고 맡겼는데매우만족❣️ 감사합니당이래서 내가 끊을수업지...#네일 #네일스타그램 #봄네일 #시럽네일 #성남 #모란 #네일샵추천 #무지개네일 #네일후기 @rainbownail0 🌈@ji_su0000_ 🌈@lia_kweon ❤️,2022-04-16,16,무지개네일,"['#네일', '#네일스타그램', '#봄네일', '#시럽네일', '#성남', '#모란', '#네일샵추천', '#무지개네일', '#네일후기']"
"올핸 처음이지? 220412 220414모란 꽃말은 부귀, 영화Will we meet for the first time this year?The language of the peony flower is wealth and prosperity#모란 #조우 #봄꽃 #봄 #꽃 #고양이 #담벼락 #마당 #산책 #걷기#Peony #Encounter #SpringFlower #Spring #Flower #Cat #Wall #Yard #Walk #Walking #Photo #Photography #Nature",2022-04-16,9,,"['#모란', '#조우', '#봄꽃', '#봄', '#꽃', '#고양이', '#담벼락', '#마당', '#산책', '#걷기', '#Peony', '#Encounter', '#SpringFlower', '#Spring', '#Flower', '#Cat', '#Wall', '#Yard', '#Walk', '#Walking', '#Photo', '#Photography', '#Nature']"
"⚀ #착한포차 / #착한포차2  성남 최고의 포차~~⚃중원구 성남동 3411 번지 ➡️ 031-757-4049 ➡️ 031-757-4050ᆢᆢᆢ💟💟💟💟💟즐겁고~~ 행복한~~ 하루보내세요~~~~~^^😍🤗👍ᆢᆢᆢᆢ✡✡✡✡✡ 영업시간 ✡✡✡✡✡ㅡ 매장 ➡️ 오후 4시~ 12시 까지 (⚠️거리두기)ㅡ  배달 / 포장 ➡️ 11시까지 (⚠️쿠팡이츠 ᆢ 착한포차2 )ᆢᆢ💚💚💚고맙습니다~~~^🤗ᆢᆢᆢᆢᆢᆢ☸☸☸☸☸☸☸☸☸☸ᆢ💟계절메뉴 / 💟 특별 한시메뉴ᆢᆢ⭕ 자연산~~ 💟 #소라게발 ~~👍⭕ 싱싱한~ 서해 💟 #쏙 (⚠️바다 갯가재)⭕ 시원한~~ 💟 해물 #물회⭕ 서해~ 살아있는 💟 #범게 / #꽃게 (⚠️ 배 작업시)ᆢᆢᆢᆢᆢ💟💟💟💟💟➡️ 쿠팡이츠  배달 ~~~^^😍😍😍ᆢᆢ➡️➡️ 배달주소에  경기도성남시  선택후~~➡️➡️ 우측 상단에 💟 "" 착한포차2 ""  를치시면  되요~~~~~^^🤗ᆢᆢ고맙습니다~~~~^^😘😘😘ᆢᆢᆢᆢᆢ💟💟💟대표 메뉴ㅡ어벤져스 한우 탕탕이ㅡ명품 새우장ㅡ중독 가오리찜ㅡ해물 순두부 찌개ᆢᆢ💟💟💟인기 메뉴ㅡ얼큰  짜작이 ~ (⚠️ 신메뉴)ㅡ연어 & 한우 육회ㅡ낙지 탕탕이ㅡ소라 숙회ㅡ소라게 발ㅡ바싹~고소~  닭새우 구이ㅡ제주산  딱새우 회 (⚠️추가 메뉴)ㅡ보양  연포탕ㅡ싱싱~  전복회ㅡ매운 룽샤ㅡ생  문어 숙회ㅡ따닥 불고기ㅡ산낙지 한접시ㅡ멍게 (돌멍게) 한접시ㅡ아구포 구이 (⚠️추가메뉴)ᆢᆢ💟💟💟계절메뉴ㅡ 쏙 (바다갯가재)ㅡ봄 도다리 회ㅡ범게 탕(찜)ㅡ 꽃게 탕(찜)ㅡ얼음 물회ㅡ오징어 통찜ㅡ 전어 구이(회)ㅡ 오도리 (생 새우회)ㅡ꼬막 데침ㅡ도루묵 찌개(구이)ㅡ포항 해풍  과메기ㅡ특허  석화 찜(회)ㅡ홍가리비 찜(회)ㅡ겨울 호래기 회ㅡ예약  킹크랩ᆢᆢᆢᆢ🛑🛑🛑문의ᆢ031ㅡ757ㅡ4049 ᆢ031ㅡ757ㅡ4050 ᆢ고맙습니다~~~❤❤❤ᆢᆢᆢᆢᆢ#mbc생방송오늘저녁 #sbs생방송투데이 #성남맛집 #모란맛집 #모란역추천맛집 #모란역맛집 #딱새우 #한우육회탕탕이 #새우장 #가오리찜 #문어숙회 #해물순두부찌개 #모란 #닭새우 #물회 #먹스타그램 #맛스타그램 #food #eating",2022-04-16,50,,"['#착한포차', '#착한포차2', '#소라게발', '#쏙', '#물회', '#범게', '#꽃게', '#mbc생방송오늘저녁', '#sbs생방송투데이', '#성남맛집', '#모란맛집', '#모란역추천맛집', '#모란역맛집', '#딱새우', '#한우육회탕탕이', '#새우장', '#가오리찜', '#문어숙회', '#해물순두부찌개', '#모란', '#닭새우', '#물회', '#먹스타그램', '#맛스타그램', '#food', '#eating']"
ARAY바다 바디프로필 ✨Model by @yolo_makki,2022-04-16,24,,[]
고등학교때 집안이 어려워 대학 입시를 포기하고 알바+연습생으로 헬스장에서 일하기 시작했는데 군복무 마치고 보니 자격증은 있어야 할꺼 같아서 취득하고 막상 취득했는데 발급 받기 귀찮아서 발급 안받다가 체육관 오픈하면서 면허때문에 발급받음. 거의 운전 면허 수준의 자격증이고 면허 있다고 운전 잘하는건 아니지만  무면허 운전은 위법이듯 무자격증 운동 지도자. 무허가 운동 센터는 위법입니다. 운전 면허 수준의 자격증도 못따고 기본 안전 시설 보험 성범죄 기록 조회도 통과 못하는곳에서 운동하실껀가요?,2022-04-16,172,,[]
주말에도 예쁜 꽃다발과😊,2022-04-16,202,모란역,[]
"#모란#모란그림#미완성 #맛보기#인스타를 너무 안하는 것 같아서..ㅋ#날마다 바쁨#3일은 아픔#아픈지 일주일째..계속 대청소중~~화분정리..테라스 청소..유리창청소~~냉장고,싱크대정리~~아이 레고 건담 먼지제거~~욕실청소~~~꼼지락꼼지락~~~~~아픈 것 맞냥?😁#코로나는 음성이왕 아픈거 양성이여야 돈이라도 받지~~😅#마스크는 계속 쓸거임to be continued......",2022-04-16,52,,"['#모란', '#모란그림', '#미완성', '#맛보기', '#인스타를', '#날마다', '#3일은', '#아픈지', '#코로나는', '#마스크는']"
"🐹 촉촉하게 여리여리하게,그라데이션 위에 스톤으로 과하지않은 포인뜨💕    • 예약및문의는 카톡or문자or디엠• 시술시, 전화통화가 어렵습니다• 노쇼및당일취소2회이상시, 예약금 2만원이 적용됩니다 • 예약금입금이 되지않는경우, 예약이 자동취소됩니다• 예약금입금후에도 방문하지않으시는경우 예약금환불는 되지않습니다   🌷해피아워이벤트🌷 ➿평일 오전10시 ~ 오후3시➿손젤 25000 / 발젤 35000➿15000 추가시, 칼라무제한 !! 이벤트금액은 현금/회원가입니다 🙏🏻       💅예약양식✔️성함✔️연락처✔️날짜/요일/시간✔️젤제거유무/기본손젤/기본발젤/아트➰카카오톡 bluebaby74➰01065151327ex) 박xx / 01065151327 / 8월17일 월 / 오후3시 / 젤제거있음 / 기본손젤 ➰꼼꼼하게 시술해드리니 시간 넉넉하게 잡고 예약부탁드려요🥰#네일샵 #모란네일 #성남네일 #젤전문 #네일아트 #스톤아트 #에스떼미오 #프롬더네일 #도깨비젤 #시럽젤 #니퍼케어 #네일하는미어캣 #1인샵 #여름네일 #시럽네일 #네온펜 #형광네일 #페디 #여름페디 #모란 #모란역 #모란맛집 #성남 #❤️ #이달의아트 #그라데이션네일 #봄네일 #포인트네일 #🌸",2022-04-16,None,경기도 성남,"['#', '#', '#', '#', '#', '#', '#', '#', '#', '#', '#', '#네일하는미어캣', '#1인샵', '#여름네일', '#시럽네일', '#네온펜', '#형광네일', '#페디', '#여름페디', '#모란', '#모란역', '#모란맛집', '#성남', '#', '#이달의아트', '#그라데이션네일', '#봄네일', '#포인트네일', '#']"
.슬기로운 정원생활사실 그냥 두면 알아서 피는 꽃이지만오랜만에 따뜻한 날씨에새소리만 남은 주말 아침자체 힐링________#정원생활자#모란,2022-04-16,None,,"['#정원생활자', '#모란']"
오늘 날씨처럼 산뜻하게🌸..#모란 #핑크 #클래식블루 #육각 #커피잔 #찻잔 #세트 #핸드페인팅 #도자기 #티테이블 #티타임 #손그림 #ceramics #ceramicpainting #porcelain #peony #coffee #tea #cup #saucer #handmaid #dough #도우,2022-04-16,68,,"['#모란', '#핑크', '#클래식블루', '#육각', '#커피잔', '#찻잔', '#세트', '#핸드페인팅', '#도자기', '#티테이블', '#티타임', '#손그림', '#ceramics', '#ceramicpainting', '#porcelain', '#peony', '#coffee', '#tea', '#cup', '#saucer', '#handmaid', '#dough', '#도우']"
신비한동물들과 덤블링?몰라ㅋㅋ이거 보신분!!?👋👋⠀⠀⠀⠀⠀#성남#모란#모란역#수진역#신흥역#분당#야탑역#서현역#미금역#맞팔#선팔#f4f#l4l#단대오거리역#상대원시장#상대원#수원역#인계동#건대입구역#신비한동물들과덤블도어의비밀#영화#롯데시네마#무료#vip#토요일#본사람,2022-04-16,98,,"['#성남', '#모란', '#모란역', '#수진역', '#신흥역', '#분당', '#야탑역', '#서현역', '#미금역', '#맞팔', '#선팔', '#f4f', '#l4l', '#단대오거리역', '#상대원시장', '#상대원', '#수원역', '#인계동', '#건대입구역', '#신비한동물들과덤블도어의비밀', '#영화', '#롯데시네마', '#무료', '#vip', '#토요일', '#본사람']"
"@dajinssamㅡㅡㅡㅡㅡㅡㅡㅡㅡㅡㅡㅡㅡㅡㅡㅡㅡㅡㅡㅡㅡㅡ 통통 & 보통을 유지하던 만년 다이어터➖️ ➕️ 숫자에 집착하며 관리를 했었어요1년간 철저한 식단과 운동에 집중하며목표치에 도달했지만유지한다는게 쉽지 않았어요친동생의 추천으로 🌿 마지막 관리 시작!!ㆍ 가벼운 컨디션을 처음 느꼈어요ㆍ 제일 좋은 건 ""유지""되는 후기숫자에 집착했던 과거를 벗어나건강한 유지 방법을 알게되면서 지금은 사진찍는 재미로 리즈갱신 중입니다🥰🥰ㅡㅡㅡㅡㅡㅡㅡㅡㅡㅡㅡㅡㅡㅡㅡㅡㅡㅡㅡㅡㅡㅡ ✔ 단기해독 급찐급빠 : 2일 / 8일 / 2주✔ 카톡 문의 : elwls4197✔ DM 문의",2022-04-16,139,,[]
#모란 #목단꽃 오랜만에 길에서 만난 모란꽃참 이쁘구나,2022-04-16,40,,"['#모란', '#목단꽃']"
☺️백만년만에 머리하러 묭실가기~뿌염안하고 어케 버텼지…심각한수준기분전환 제대로 해보쟝✌🏻.#판교 #아데르판교 #아데르,2022-04-16,244,파미어스몰,"['#판교', '#아데르판교', '#아데르']"
.#모란 #별미곱창 드디어 곱창 영접입니댜아아☺❤❤꺄르르 쏴리질럿!!!!🙋‍♀️🙋‍♀️🙋‍♀️방이동에서 넘 맛있게 먹던 별미곱창이 모란에 생겨서 어찌나 반갑던지...!!! 게다가 항상 만석이라서 이번에야 가보게 됐네요😊곱창 너무 마시쪄용..역시 언제 먹어도!!! 우리 곱창님 주기적으로 먹어줘야합니둥>.<마지막 #볶음밥 #필수 짱맛이예요!!ㆍㆍㆍㆍㆍㆍㆍㆍㆍㆍ#성남맛집#성남곱창#모란곱창#곱쏘#존맛탱#맛집공유#먹팔#짱맛#먹방#맛있다#먹스타그램#맛집탐방#맞팔환영#맞팔#좋반#선팔#좋아요반사#팔로우#선팔하면맞팔#일상#소통#인친#좋아요#데일리#선팔맞팔,2022-04-16,134,,"['#모란', '#별미곱창', '#볶음밥', '#필수', '#성남맛집', '#성남곱창', '#모란곱창', '#곱쏘', '#존맛탱', '#맛집공유', '#먹팔', '#짱맛', '#먹방', '#맛있다', '#먹스타그램', '#맛집탐방', '#맞팔환영', '#맞팔', '#좋반', '#선팔', '#좋아요반사', '#팔로우', '#선팔하면맞팔', '#일상', '#소통', '#인친', '#좋아요', '#데일리', '#']"
구름이 날개 !!사진찍기 흔치않지만 찰칵역시 새는..새다 날개 너모 이뻐요#구하네 #시끌벅적_구하네#앵무새 #모란 #구름 #하늘 #모란앵무 #앵스타그램#parrot #lovebird #GUREUM #gureum#オウム #ボタンインコ #雲 #オウム_雲#행 #복 #한 #애 #조 #생 #활 #❣️,2022-04-16,91,,"['#구하네', '#시끌벅적', '#앵무새', '#모란', '#구름', '#하늘', '#모란앵무', '#앵스타그램', '#parrot', '#lovebird', '#GUREUM', '#gureum', '#', '#', '#', '#', '#행', '#복', '#한', '#애', '#조', '#생', '#활', '#']"
김범준트레이닝센터 :),2022-04-16,76,김범준트레이닝센터,[]
"#김범준트레이닝센터 날씨 최고입니다☀️루프탑에서 열심히 땀흘리고, 그늘에 누워 쉬시면 됩니다:)",2022-04-16,54,김범준트레이닝센터,['#김범준트레이닝센터']
today was a vibe🔅,2022-04-16,111,Philly,[]
#모란 #이원생중계전 #모란패턴,2022-04-16,19,,"['#모란', '#이원생중계전', '#모란패턴']"
보석십자수 모란언박싱드디어 도착했다.부귀를 가져 온다는 모란!보석(?) 구분도 잘해놓아 따로 구분할 필요가 없다.하지만 한 색이 거의 1/3을 차지하여 엄청난 반복 작업을 해야 될 것 같다.하지만 시간날때 한시간씩만 하는 걸로ㆍ자 시작 해볼까?#보석십자수 #모란 #부귀 #마음돌봄 #정신수양 #또얼마나걸릴까,2022-04-15,23,,"['#보석십자수', '#모란', '#부귀', '#마음돌봄', '#정신수양', '#또얼마나걸릴까']"
매번만나는그들과 매번가는 그곳#수요일 #모란 #꼴목 #매운갈비찜 #닭백숙 #서비스 #도시락 #매운닭발 #코코넛샤베트 #1차꼴목 #2차탐라 #콜라서비스좋아영 #매운갈비찜콩나물밖에...없네? #소주는 #처음처럼 #먹스타그램 #먹팔 #좋튀 #맞팔 #좋반 #선팔 #음식은사랑입니다 #위꼴 #사진잘찍는방법좀,2022-04-15,54,,"['#수요일', '#모란', '#꼴목', '#매운갈비찜', '#닭백숙', '#서비스', '#도시락', '#매운닭발', '#코코넛샤베트', '#1차꼴목', '#2차탐라', '#콜라서비스좋아영', '#매운갈비찜콩나물밖에', '#소주는', '#처음처럼', '#먹스타그램', '#먹팔', '#좋튀', '#맞팔', '#좋반', '#선팔', '#음식은사랑입니다', '#위꼴', '#사진잘찍는방법좀']"
"''프로틴을 먹으면 개사료같아서 제가 강아지가 된거같아 우울해요''범블리 PT 일기2022년 4월 15일 14시 나에게 레슨을 받고있던 여성 회원님과의 이야기이다그 회원님은 나의 바디프로필 회원 모집 포스팅을 보고 바디프로필 촬영을 목표로등록을 하시고 열심히 운동을 하시는분이다처음 등록 후 2~3개월 정도를 기초체력과 기초근력 그리고 올바른 움직임을만들기 위해 레슨을 진행했다.그리고 현재는 바디프로필을 향한 목적에더 접근하고자 식단과 운동을 함께 병행하며 운동중이다.그런 회원님과 오늘 나눴던 대화가 인상적이었다.''프로틴을 먹으면 개사료같아서 제가 강아지가 된거같아 우울해요''회원님은 내가 제공해드린 식단중단백질 프로틴에 부담감이 있으셨나보다. 그리고 바디프로필을 준비하며자신에게 채찍질 할 만큼 독한 성격은 아니었다.그래서 우울하지 않았나 싶다.하지만 운동 강습을 해오면서심리적인 부분까지 함께 캐어를 하며응원, 격려로 지금까지 달려오고 있다.나는 회원님께 말씀 드렸다.회원님, 프로틴은 편리함을 위해 드시는거에요. 회원님께서 그렇게 생각하신다면 굳이 드시지 않아도 됩니다.아침에 일찍 일어나서 편리하게 쉐이크한 잔 마시고 출근하거나운동 후 편의점까지 가서 닭가슴살을 먹어야하는 번거로움에 벗어나고자 프로틴을 마시는 것이기 때문에프로틴을 꼭 드셔야 하는 것은 아닙니다.그러자 회원님께서는 무언가를깨달으셨는지 긍정적인 반응을 보이셨다.그리고 수업을 마친 뒤 회원님께 한 마디를 더 건냈다.회원님에게 바디프로필을 향한 여정은정말 뜻깊은 도전의 시간이 될 것 같습니다.스스로에게 채찍질 하며 운동을 하고 식단을 하는것이회원님에게는 정말 힘든 과정이기에바디프로필 준비에 성공을 한다면 인생에서 크나 큰 목표를달성한 것이라는 의미가 있을 것 같아요.트레이너 생활을 오래해왔지만오늘은 나에게 인상깊었던 날이었다.회원님의 쉽지 않을 도전이 되겠지만 이 포스팅을 보여드리고 응원의 메시지를전달하고 싶다.",2022-04-15,None,"위례, Wirye",[]
2차는 간맥!!⠀⠀⠀⠀⠀#성남#모란#모란역#수진역#신흥역#분당#야탑역#서현역#미금역#맞팔#선팔#f4f#l4l#단대오거리역#상대원시장#상대원#수원역#인계동#건대입구역#간맥#2차#불금#모임#꿀챔,2022-04-15,96,,"['#성남', '#모란', '#모란역', '#수진역', '#신흥역', '#분당', '#야탑역', '#서현역', '#미금역', '#맞팔', '#선팔', '#f4f', '#l4l', '#단대오거리역', '#상대원시장', '#상대원', '#수원역', '#인계동', '#건대입구역', '#간맥', '#2차', '#불금', '#모임', '#꿀챔']"
"오늘 너무 즐겁게 잘 놀았습니당💜...,#모란 #모란맛집 #모란역 #퇴근 #오전조 #1차 #락볼링 #2차 #끄티집 #3차 #린생사진관 ##SM볼링장 #끄티집모란점 #린생사진관모란점 #즐거웠습니다",2022-04-15,None,모란 오거리,"['#모란', '#모란맛집', '#모란역', '#퇴근', '#오전조', '#1차', '#락볼링', '#2차', '#끄티집', '#3차', '#린생사진관', '#', '#SM볼링장', '#끄티집모란점', '#린생사진관모란점', '#즐거웠습니다']"
"💛 프리티버드 네츄럴 골드 스몰 후기 💛리프패럿에서 보내준 골드 스몰이 왔어요!구하는 모든 잘먹는편이라 보자마자 냐암..!모란 ~ 퀘이커 아이들까지 먹을수있는 크기!🧡 네츄럴 골드 스몰 알아보기! 🧡' 내츄럴 골드 스몰 ' 제품에는유산균이 있어 장건강에 도움을 주고칼슘, 미네랄과 종합 비타민도 있어 면역력을UP! UP!펠렛에 알록달록한 인공색소가 들어가 혹여나 앵무새가 먹는데 탈이 날까 건강에 걱정 많으시던 분들!!네츄럴 골드는인공색소를 첨가하지 않아 안심하고 줄수있습니다!영양가 높으며 소형조를 위한 펠렛입니다!💚 네츄럴 골드 스몰 솔직 후기 💚기호도 : ⭐⭐⭐☆☆영양가 : ⭐⭐⭐⭐☆무색소 : ⭐⭐⭐⭐⭐🤍 리프패럿 : @lip_parrot_ 🤍#구하네 #시끌벅적_구하네#앵무새 #모란 #구름 #하늘 #모란앵무 #앵스타그램#parrot #lovebird #GUREUM #gureum#オウム #ボタンインコ #雲 #オウム_雲#행 #복 #한 #애 #조 #생 #활 #❣️#리프패럿_후기",2022-04-15,81,,"['#구하네', '#시끌벅적', '#앵무새', '#모란', '#구름', '#하늘', '#모란앵무', '#앵스타그램', '#parrot', '#lovebird', '#GUREUM', '#gureum', '#', '#', '#', '#', '#행', '#복', '#한', '#애', '#조', '#생', '#활', '#', '#리프패럿']"
금요일은 불금이지!!!⠀⠀⠀⠀⠀#성남#모란#모란역#수진역#신흥역#분당#야탑역#서현역#미금역#맞팔#선팔#f4f#l4l#단대오거리역#상대원시장#상대원#수원역#인계동#건대입구역#불금#꿀잼#불금,2022-04-15,116,,"['#성남', '#모란', '#모란역', '#수진역', '#신흥역', '#분당', '#야탑역', '#서현역', '#미금역', '#맞팔', '#선팔', '#f4f', '#l4l', '#단대오거리역', '#상대원시장', '#상대원', '#수원역', '#인계동', '#건대입구역', '#불금', '#꿀잼', '#불금']"
포즈 추천 좀 해줘봐요.꒰⑅ᵕ̆‧̯ᵕ̆⑅꒱.,2022-04-15,None,,[]
"-안녕하세요 분당 야탑동에 위치한 분당유소년 풋볼클럽(BYF) U-12 입니다. 2022년4월15일해야한다 더열심히🔥2022년 기준 선수모집👍1학년9명2학년3명3학년8명4학년1명5학년2명축구선수육성 전문 축구클럽2022년 대한축구협회 1종 등록완료7세~5학년 선수들 집중 모집합니다.👉선수모집- 7세반 (육성반)⚽️훈련일정 화,토 (주2회)- 1학년,2학년(선수반)⚽️훈련일정 화,목,토 (주3회)- 3학년 , 4학년 , 5학년 (선수반)⚽️훈련일정 월,수,목,금,토 (주5회)☎️문의방법코   치  : 010-4802-4277인스타그램 DM💌차량가능지역 : 성남 , 분당 , 위례 , 죽전 , 수지 , 경기도광주,용인지역 , 서울, 판교#분당 유소년풋볼클럽 #BYF #선수반 #선수반축구 #1종 #1종팀 #대한축구협회 #성남축구#유소년 #유소년축구 #선수육성#분당축구클럽 #성남축구클럽#수내동 #정자동 #이매동#성남 #분당 #모란 #판교 #성남맘 #분당맘 #용인맘#광주맘#송파맘#판교#분당유소년 #분당유소년풋볼클럽",2022-04-15,50,,"['#분당', '#BYF', '#선수반', '#선수반축구', '#1종', '#1종팀', '#대한축구협회', '#성남축구', '#유소년', '#유소년축구', '#선수육성', '#분당축구클럽', '#성남축구클럽', '#수내동', '#정자동', '#이매동', '#성남', '#분당', '#모란', '#판교', '#성남맘', '#분당맘', '#용인맘', '#광주맘', '#송파맘', '#판교', '#분당유소년', '#분당유소년풋볼클럽']"
20220415 #Peony #牡丹 #ボタン #모란 #PaeoniaSuffruticosa #名取草 #二十日草 #深見草 #富貴草 #富貴花 #百花王 #花王 #花神 #花中の王 #百花の王 #天香国色 #忘れ草 #鎧草 #ぼうたん #ぼうたんぐさ #中国原産 #高貴 #富貴 #王者の風格 #風格あるふるまい #旧芝離宮恩賜庭園 #港区海岸一丁目 #shotoniphone,2022-04-15,339,,"['#Peony', '#', '#', '#모란', '#PaeoniaSuffruticosa', '#', '#', '#', '#', '#', '#', '#', '#', '#', '#', '#', '#', '#', '#', '#', '#', '#', '#', '#', '#', '#', '#', '#shotoniphone']"
Peony🌺@studiobysol @myungdo___ @complexrotary .그려주신 그림을 토대로 작업했습니다. 원하시는 구도의 그림은 도안작업에 큰 도움이 됩니다.,2022-04-15,"1,081",,[]
🎵#모란~은 화중왕이~요🎶#peony #gardensbythebay #singapore #싱가포르,2022-04-15,2,,"['#모란', '#peony', '#gardensbythebay', '#singapore', '#싱가포르']"
🌹네일샵언니..이달의아트6.9#리본네일 🎀..  예약양식°성함/연락처°원하시는 날짜/시간°젤제거 유/무°원하시는디자인(아트사진첨부)°연장or랩핑 여부는 미리말씀안하시면시술이어려울수있어용°예약가능시 예약금안내문 보내드려요  예약문의°010 7743 4179°kakao ID: nailshopunnii (디엠❌)°시술중에는 답변이 어려울수있어요🙏..#성남네일 #분당네일 #모란네일#모란 #네일샵 #모란역네일샵#메가프라자네일샵 #2인동시시술가능#네일 #패디 #네일아트 #패디아트#네일샵언니 #nailshopunnii #이달의아트 #이달의네일 #이벤트아트#스톤네일 #스와로브스키네일#봄네일 #봄패디 #예쁜네일 #예쁜패디#웨딩네일 #네일잘하는곳 #네일저렴한곳 #선팔맞팔환영 #좋반,2022-04-15,27,모란역,"['#리본네일', '#성남네일', '#분당네일', '#모란네일', '#모란', '#네일샵', '#모란역네일샵', '#메가프라자네일샵', '#2인동시시술가능', '#네일', '#패디', '#네일아트', '#패디아트', '#네일샵언니', '#nailshopunnii', '#이달의아트', '#이달의네일', '#이벤트아트', '#스톤네일', '#스와로브스키네일', '#봄네일', '#봄패디', '#예쁜네일', '#예쁜패디', '#웨딩네일', '#네일잘하는곳', '#네일저렴한곳', '#선팔맞팔환영', '#좋반']"
🌹네일샵언니..이달의아트6.0..  예약양식°성함/연락처°원하시는 날짜/시간°젤제거 유/무°원하시는디자인(아트사진첨부)°연장or랩핑 여부는 미리말씀안하시면시술이어려울수있어용°예약가능시 예약금안내문 보내드려요  예약문의°010 7743 4179°kakao ID: nailshopunnii (디엠❌)°시술중에는 답변이 어려울수있어요🙏..#성남네일 #분당네일 #모란네일#모란 #네일샵 #모란역네일샵#메가프라자네일샵 #2인동시시술가능#네일 #패디 #네일아트 #패디아트#네일샵언니 #nailshopunnii #이달의아트 #이달의네일 #이벤트아트#스톤네일 #스와로브스키네일#봄네일 #봄패디 #예쁜네일 #예쁜패디#웨딩네일 #네일잘하는곳 #네일저렴한곳 #선팔맞팔환영 #좋반,2022-04-15,25,모란역,"['#성남네일', '#분당네일', '#모란네일', '#모란', '#네일샵', '#모란역네일샵', '#메가프라자네일샵', '#2인동시시술가능', '#네일', '#패디', '#네일아트', '#패디아트', '#네일샵언니', '#nailshopunnii', '#이달의아트', '#이달의네일', '#이벤트아트', '#스톤네일', '#스와로브스키네일', '#봄네일', '#봄패디', '#예쁜네일', '#예쁜패디', '#웨딩네일', '#네일잘하는곳', '#네일저렴한곳', '#선팔맞팔환영', '#좋반']"
이번에 새로 그린 해바라기 🌼Copyrightⓒ2022 리아 All rights reserved.,2022-04-15,None,,[]
황금모란도🌼,2022-04-15,None,,[]
황금모란도🌼,2022-04-15,29,,[]
𝗥𝗮𝗱𝗻𝗲𝘀𝘀 𝗘𝘆𝗲𝗹𝗮𝘀𝗵 𝗣𝗲𝗿𝗺단대오거리에선 라드네스 속눈썹이 최고!! 한번방문으로 다른샵이랑 차이점을 확 느끼실수있어요 💛💛𝗖𝗮𝘁𝗲𝗴𝗼𝗿𝘆눈썹문신•아이라인•헤어라인•미인점•속눈썸펌&연장𝗥𝗲𝘀𝗲𝗿𝘃𝗮𝘁𝗶𝗼𝗻카톡 채널(프로필 하단 링크)로 문의주세요 !✔️성함/연락처/시술 항목/원하시는 날짜&시간/반영구 예약시 경험유무(잔흔이 있을시 사진첨부),2022-04-15,None,,[]
🥀Open - 6pm Close - 3am모란역 뒷 골목에 위치한 무무와인바추억을 간직하고 가는 공간이 됐으면 해요.#모란 #무무바 #모란무무,2022-04-15,40,모란무무,"['#', '#', '#']"
지방팔이 소년🥴 여러분 제 지방 좀 사 가세요😰,2022-04-15,21,스카이뷰 휘트니스2호점,[]
감태🌿🌿수란밥🍚🍚,2022-04-15,11,모란누룩,[]
아~~~모란이 거센바람에도 활짝핀 모란모란이 지고나면 작약이 피겠지요.#모란#꽃스타그램#포항펜션#포항독채펜션#블루마펜션#포항블루마펜션#바닷가펜션#바다낚시#양포항인근펜션#구룡포펜션,2022-04-15,6,,"['#모란', '#꽃스타그램', '#포항펜션', '#포항독채펜션', '#블루마펜션', '#포항블루마펜션', '#바닷가펜션', '#바다낚시', '#양포항인근펜션', '#구룡포펜션']"
모란꽃#서예 #캘리그라피 #그리다 #드로잉 #예술 #모란 #drawing #flowers #illustration #illust,2022-04-15,15,,"['#서예', '#캘리그라피', '#그리다', '#드로잉', '#예술', '#모란', '#drawing', '#flowers', '#illustration', '#illust']"
내가 제일 좋아하는 칵테일바💕...#인스타그램#셀스타그램#셀카#selfie#daily#dailylook#일상#데일리#데일리룩#스타일#style#신상#거울#전신#사진#photo#감성#힐링#여유#휴일#패션#팔로우#좋아요#선팔#맞팔#소통#좋아요반사#모란#성지술례#애정술집❤️,2022-04-15,264,,"['#', '#', '#', '#selfie', '#daily', '#dailylook', '#', '#', '#', '#', '#style', '#', '#', '#', '#', '#photo', '#', '#', '#', '#', '#', '#', '#', '#', '#', '#', '#', '#모란', '#성지술례', '#애정술집']"
_20220415이번주도 고생했다!!!,2022-04-15,301,반포 한강 공원,[]
감사합니다😊😊,2022-04-15,61,모란역,[]
속눈썹 하고꙼̈ 나들이 🚀,2022-04-15,62,Smeltz,[]
날도 좋아~̆̈,2022-04-15,65,Smeltz,[]
클라임어스 모란 (22.04.14).남색🔵 - 5개힘빼고 하니까 더 쉬운걸까...어깨가 아파서 보라는 빼고남색만 했는데 생각보다 잘 됨다음엔 보라 도전 해봐야지....#클라이밍 #볼더링 #클라임어스 #클라임어스모란 #성남 #모란 #운동 #스포츠클라이밍 #암벽 #암벽등반,2022-04-15,38,클라임어스 모란 - Climbus Moran,"['#클라이밍', '#볼더링', '#클라임어스', '#클라임어스모란', '#성남', '#모란', '#운동', '#스포츠클라이밍', '#암벽', '#암벽등반']"
"🌼안녕,피어싱 모란점🌼 새로 입고된 #써지컬스틸팔찌 입니다 💕반팔 입을때는 팔찌필수 ☺️👌택배배송 가능📦3만원 이상 구매시 무료배송 해드립니다 DM으로 문의주세요 (๑❛ө❛๑ )✔️학생할인 진행하고 있어 주변 지하상가랑 가격 비슷합니다! 부담없이 오세요☺️✔️귀뿐만 아니라 특수부위 시술도 전부 가능합니다✔️문의 사항은 DM/매장방문 부탁드려요!📍영업시간: 10:30-22:30(임시)📍문의: 031-722-1547📍경기도 성남시 중원구 성남대로 1132 센트럴파크106호....#안녕피어싱 #모란피어싱 #모란귀걸이 #모란반지 #모란목걸이 #모란 #성남 #모란시장 #성남피어싱 #성남귀걸이 #모란맛집 #성남맛집 #모란술집 #성남술집 #모란역 #모란뷰티 #성남뷰티 #모란역술집 #모란역맛집 #모란역피어싱 #모란역카페 #좋반 #f4f #맞팔 #셀스타그램 #일상 #소통",2022-04-15,8,,"['#써지컬스틸팔찌', '#안녕피어싱', '#모란피어싱', '#모란귀걸이', '#모란반지', '#모란목걸이', '#모란', '#성남', '#모란시장', '#성남피어싱', '#성남귀걸이', '#모란맛집', '#성남맛집', '#모란술집', '#성남술집', '#모란역', '#모란뷰티', '#성남뷰티', '#모란역술집', '#모란역맛집', '#모란역피어싱', '#모란역카페', '#좋반', '#f4f', '#맞팔', '#셀스타그램', '#일상', '#소통']"
#서양산딸나무 #모란 우리집에 서양산딸나무큰게 있었네?까도까도 신비한집이로세…시들어가는 꽃들 꺾어다가 집안에 둬도 아이들은 있는지어쩐지..도 모른다 ㅎ,2022-04-15,9,,"['#서양산딸나무', '#모란']"
조선 왕실이 사랑한 꽃 #모란 을 반려식물로 들일 1인 가구를 찾습니다.#우리함께모란 #반려식물기르기 - 4/18 9시 ~ 4/24 18시- 메일 또는 우편 접수 *선착순 50명자세한 내용은 👉 창경궁관리소(@cgglove_1483)#창경궁 #대온실 #궁궐나들이 #식물키우기 #반려식물 #꽃 #서울데이트 #창경궁대온실 #문화재청 #대한민국 #Changgyeonggung #Seoul #Korea,2022-04-15,"1,586",,"['#모란', '#우리함께모란', '#반려식물기르기', '#창경궁', '#대온실', '#궁궐나들이', '#식물키우기', '#반려식물', '#꽃', '#서울데이트', '#창경궁대온실', '#문화재청', '#대한민국', '#Changgyeonggung', '#Seoul', '#Korea']"
회장님댁&사사이 어셈블...#회장님댁 #회장님댁모란점 #사사이 #사람사는이야기모란점 #성남 #성남맛집 #모란 #셀카 #좋아요 #좋아요반사 #좋반 #일상 #알바 #팔로우,2022-04-15,26,,"['#회장님댁', '#회장님댁모란점', '#사사이', '#사람사는이야기모란점', '#성남', '#성남맛집', '#모란', '#셀카', '#좋아요', '#좋아요반사', '#좋반', '#일상', '#알바', '#팔로우']"
"➰예약양식➰•성함•연락처•원하시는 날짜,시간•원하시는 디자인•젤제거 유,무➰1인샵입니다➰스와로브스키정품사용➰10:00~21:00 (일요일 휴무)➰010 7507 6204 (예약 시 연락주세요)➰경기도광주시 경안로41번길 6 금호리첸시아 1층➰주차 가능합니다#경기광주#경기광주역#경강선#경안동#네일#네일아트#젤네일전문#네일의계절#네일맛집#맛집#오포#신현리#분당#모란#정자#금호리첸시아#패디#패디의계절#봄#봄준비#봄네일#봄패디",2022-04-15,20,,"['#경기광주', '#경기광주역', '#경강선', '#경안동', '#네일', '#네일아트', '#젤네일전문', '#네일의계절', '#네일맛집', '#맛집', '#오포', '#신현리', '#분당', '#모란', '#정자', '#금호리첸시아', '#패디', '#패디의계절', '#봄', '#봄준비', '#봄네일', '#봄패디']"
"➰예약양식➰•성함•연락처•원하시는 날짜,시간•원하시는 디자인•젤제거 유,무➰1인샵입니다➰스와로브스키정품사용➰10:00~21:00 (일요일 휴무)➰010 7507 6204 (예약 시 연락주세요)➰경기도광주시 경안로41번길 6 금호리첸시아 1층➰주차 가능합니다#경기광주#경기광주역#경강선#경안동#네일#네일아트#젤네일전문#네일의계절#네일맛집#맛집#오포#신현리#분당#모란#정자#금호리첸시아#글리터#글리터맛집#펄#펄네일#글리터네일",2022-04-15,15,,"['#경기광주', '#경기광주역', '#경강선', '#경안동', '#네일', '#네일아트', '#젤네일전문', '#네일의계절', '#네일맛집', '#맛집', '#오포', '#신현리', '#분당', '#모란', '#정자', '#금호리첸시아', '#글리터', '#글리터맛집', '#펄', '#펄네일', '#글리터네일']"
"비주류 한정 특별안주돼지고기 두부튀김, 대파크림치즈, 깻잎페스토 봄미나리",2022-04-15,99,모란비주류,[]
볶음밥은 필수!!Jmt💘#모란맛집 #깜보,2022-04-15,63,모란 오거리,"['#모란맛집', '#깜보']"
"⚀ #착한포차 / #착한포차2  성남 최고의 포차~~⚃중원구 성남동 3411 번지 ➡️ 031-757-4049 ➡️ 031-757-4050ᆢᆢᆢ🔥🔥🔥🔥🔥씬나는~~~ 불금~~보내세요~~~~~^^😍😄🤗ᆢᆢᆢᆢ✡✡✡✡✡ 영업시간 변경 ✡✡✡✡✡ㅡ 매장 ➡️ 오후 4시~ 12시 까지 (⚠️거리두기)ㅡ  배달 / 포장 ➡️ 11시까지 (⚠️쿠팡이츠 ᆢ 착한포차2 )ᆢᆢ💚💚💚고맙습니다~~~^🤗ᆢᆢᆢᆢᆢᆢ☸☸☸☸☸☸☸☸☸☸ᆢ💟계절메뉴 / 💟 특별 한시메뉴ᆢᆢ⭕ 자연산~~ 💟 #소라게발 ~~👍⭕ 싱싱한~ 서해 💟 #쏙 (⚠️바다 갯가재)⭕ 시원한~~ 💟 해물 #물회⭕ 서해~ 살아있는 💟 #범게 / #꽃게 (⚠️ 배 작업시)ᆢᆢᆢᆢᆢ💟💟💟💟💟➡️ 쿠팡이츠  배달 ~~~^^😍😍😍ᆢᆢ➡️➡️ 배달주소에  경기도성남시  선택후~~➡️➡️ 우측 상단에 💟 "" 착한포차2 ""  를치시면  되요~~~~~^^🤗ᆢᆢ고맙습니다~~~~^^😘😘😘ᆢᆢᆢᆢᆢ💟💟💟대표 메뉴ㅡ어벤져스 한우 탕탕이ㅡ명품 새우장ㅡ중독 가오리찜ㅡ해물 순두부 찌개ᆢᆢ💟💟💟인기 메뉴ㅡ얼큰  짜작이 ~ (⚠️ 신메뉴)ㅡ연어 & 한우 육회ㅡ낙지 탕탕이ㅡ소라 숙회ㅡ소라게 발ㅡ바싹~고소~  닭새우 구이ㅡ제주산  딱새우 회 (⚠️추가 메뉴)ㅡ보양  연포탕ㅡ싱싱~  전복회ㅡ매운 룽샤ㅡ생  문어 숙회ㅡ따닥 불고기ㅡ산낙지 한접시ㅡ멍게 (돌멍게) 한접시ㅡ아구포 구이 (⚠️추가메뉴)ᆢᆢ💟💟💟계절메뉴ㅡ 쏙 (바다갯가재)ㅡ봄 도다리 회ㅡ범게 탕(찜)ㅡ 꽃게 탕(찜)ㅡ얼음 물회ㅡ오징어 통찜ㅡ 전어 구이(회)ㅡ 오도리 (생 새우회)ㅡ꼬막 데침ㅡ도루묵 찌개(구이)ㅡ포항 해풍  과메기ㅡ특허  석화 찜(회)ㅡ홍가리비 찜(회)ㅡ겨울 호래기 회ㅡ예약  킹크랩ᆢᆢᆢ🛑🛑🛑문의ᆢ031ㅡ757ㅡ4049 ᆢ031ㅡ757ㅡ4050 ᆢ고맙습니다~~~❤❤❤ᆢᆢᆢᆢᆢ#mbc생방송오늘저녁 #sbs생방송투데이 #성남맛집 #모란맛집 #모란역추천맛집 #모란역맛집 #딱새우 #한우육회탕탕이 #새우장 #가오리찜 #문어숙회 #해물순두부찌개 #모란 #닭새우 #물회 #먹스타그램 #맛스타그램 #food #eating",2022-04-15,54,,"['#착한포차', '#착한포차2', '#소라게발', '#쏙', '#물회', '#범게', '#꽃게', '#mbc생방송오늘저녁', '#sbs생방송투데이', '#성남맛집', '#모란맛집', '#모란역추천맛집', '#모란역맛집', '#딱새우', '#한우육회탕탕이', '#새우장', '#가오리찜', '#문어숙회', '#해물순두부찌개', '#모란', '#닭새우', '#물회', '#먹스타그램', '#맛스타그램', '#food', '#eating']"
#모란#대구탕#지리#추가반찬#대구요리전문점#이디야#,2022-04-15,3,,"['#모란', '#대구탕', '#지리', '#추가반찬', '#대구요리전문점', '#이디야', '#']"
☆요번주 중급진도☆저랑 브라스몽키 하실 분 모여모여>_<요번주는 계속 소희쌤 도입을 루팡하는중@hxxpole_  너무 예뻐서 가져갑니다 총총 ㅎㅎㅎㅎ#인스타어려움 #네번의실패끝에 #이번엔제발 #오하운폴댄스 #영통망포 #모란 #폴댄스 #중그비#인벌트없는중급 #참쉽쥬,2022-04-15,None,,"['#인스타어려움', '#네번의실패끝에', '#이번엔제발', '#오하운폴댄스', '#영통망포', '#모란', '#폴댄스', '#중그비', '#인벌트없는중급', '#참쉽쥬']"
"⠀한국인에 입맛에 맞게 재탄생한베트남 쌀국수, 미분당입니다.누구나 맛있게 즐길 수 있는 푸짐한 한 그릇을미분당의 편안하고 차분한 분위기에서오롯이 즐겨보세요🤎#신흥동 #신흥동맛집 #신흥역 #태평역 #태평역맛집 #수진동 #수진동맛집 #수진역 #모란 #모란역 #복정동 #성남모란 #성남모란맛집 #모란오거리 #태평동 #태평동맛집 #foodie #food #foodstagram",2022-04-15,16,성남시 수정구 신흥동,"['#신흥동', '#신흥동맛집', '#신흥역', '#태평역', '#태평역맛집', '#수진동', '#수진동맛집', '#수진역', '#모란', '#모란역', '#복정동', '#성남모란', '#성남모란맛집', '#모란오거리', '#태평동', '#태평동맛집', '#foodie', '#food', '#foodstagram']"
.#900글로벌 #크루즈에센셜#cruiseessential#진승무역 #jk스포츠#storm #rotogrip #900grobal #jksports #900글로벌#초정밀지공사#성남AMF볼링장#성남AMF볼링센터#성남볼링장#볼링 #지공 #프로샵 #성남프로샵#지공맛집 #성남지공 #성남지공맛집#볼링스타그램#성남 #모란 #태평 #가천대 #동서울대#놀거리 #볼링장,2022-04-15,21,성남 AMF 볼링센터,"['#900글로벌', '#크루즈에센셜', '#cruiseessential', '#', '#jk스포츠', '#storm', '#rotogrip', '#900grobal', '#jksports', '#900글로벌', '#', '#', '#', '#', '#', '#', '#', '#성남프로샵', '#지공맛집', '#성남지공', '#성남지공맛집', '#', '#', '#', '#', '#', '#', '#', '#']"
.#아이큐투어블루#iqtourblue#스톰 #스톰볼링 #진승무역 #storm #stormbowling #초정밀지공사#성남AMF볼링장#성남AMF볼링센터#성남볼링장#볼링 #지공 #프로샵 #성남프로샵#지공맛집 #성남지공 #성남지공맛집#볼링스타그램#성남 #모란 #태평 #가천대 #동서울대#놀거리 #볼링장,2022-04-15,17,성남 AMF 볼링센터,"['#아이큐투어블루', '#iqtourblue', '#스톰', '#스톰볼링', '#진승무역', '#storm', '#stormbowling', '#', '#', '#', '#', '#', '#', '#', '#성남프로샵', '#지공맛집', '#성남지공', '#성남지공맛집', '#', '#', '#', '#', '#', '#', '#', '#']"
...#雨#牡丹#rain#peony#비#모란,2022-04-15,7,,"['#', '#', '#rain', '#peony', '#비', '#모란']"
모란장#모란 #모란역맛집 #모란맛집 #모란장 #안주맛집 #분위기맛집 #성남맛집 #8호선맛집 #토마토스튜 #크림파스타 #테마술집 #데이트코스 #우정파티 #셀카놀이#토마토스튜 가 며칠지나도 생각나는 맛! 또먹구싶네요분위기도 너무 좋고 이야기하기도 놀기도 딱!짝! #짭짭일기장,2022-04-15,3,,"['#모란', '#모란역맛집', '#모란맛집', '#모란장', '#안주맛집', '#분위기맛집', '#성남맛집', '#8호선맛집', '#토마토스튜', '#크림파스타', '#테마술집', '#데이트코스', '#우정파티', '#셀카놀이', '#토마토스튜', '#짭짭일기장']"
"🌼안녕,피어싱 모란점🌼 #포워드헬릭스 은피어싱으로 시술해드렸습니다❣택배배송 가능📦3만원 이상 구매시 무료배송 해드립니다 DM으로 문의주세요 (๑❛ө❛๑ )✔️학생할인 진행하고 있어 주변 지하상가랑 가격 비슷합니다! 부담없이 오세요☺️✔️귀뿐만 아니라 특수부위 시술도 전부 가능합니다✔️문의 사항은 DM/매장방문 부탁드려요!📍영업시간: 10:30-22:30(임시)📍문의: 031-722-1547📍경기도 성남시 중원구 성남대로 1132 센트럴파크106호....#안녕피어싱 #모란피어싱 #모란귀걸이 #모란반지 #모란목걸이 #모란 #성남 #모란시장 #성남피어싱 #성남귀걸이 #모란맛집 #성남맛집 #모란술집 #성남술집 #모란역 #모란뷰티 #성남뷰티 #모란역술집 #모란역맛집 #모란역피어싱 #모란역카페 #좋반 #f4f #맞팔 #셀스타그램 #일상 #소통",2022-04-15,237,,"['#포워드헬릭스', '#안녕피어싱', '#모란피어싱', '#모란귀걸이', '#모란반지', '#모란목걸이', '#모란', '#성남', '#모란시장', '#성남피어싱', '#성남귀걸이', '#모란맛집', '#성남맛집', '#모란술집', '#성남술집', '#모란역', '#모란뷰티', '#성남뷰티', '#모란역술집', '#모란역맛집', '#모란역피어싱', '#모란역카페', '#좋반', '#f4f', '#맞팔', '#셀스타그램', '#일상', '#소통']"
"야탑역 갬성맛집 라떼맛집 👏아담하고 따뜻한 분위기라 날 좋을때 가면 최고😆😆크림라떼가 맛있고 마카롱도 꼬끄 쫀득하니 진짜 맛있대😋애견동반도 가능하다 하니 칭구, 연인, 반려견과 한번 가보쟈🐶👩‍❤️‍👨👯‍♂️⠀@@ 요번 주말 카페 투어 같이 갈 짝궁⁉️⁉️⠀📌데이오프커피⏰월-금 7:00-20:00  토-일 10:00-18:00👉경기 성남시 분당구 성남대로925번길 19⠀⠀#분당카페 #카페 #카페스타그램 #야탑 #야탑카페 #야탑맛집 #맛집 #서현역 #모란 #모란맛집 #맛집 #성남맛집 #성남 #성남카페 #분당데이트 #분당데이트코스 #분당 #봄 #베이커리 #베이커리맛집 #라떼맛집 #라떼 #야탑데이트 #맛스타그램😋",2022-04-15,22,성남 분당 야탑,"['#분당카페', '#카페', '#카페스타그램', '#야탑', '#야탑카페', '#야탑맛집', '#맛집', '#서현역', '#모란', '#모란맛집', '#맛집', '#성남맛집', '#성남', '#성남카페', '#분당데이트', '#분당데이트코스', '#분당', '#봄', '#베이커리', '#베이커리맛집', '#라떼맛집', '#라떼', '#야탑데이트', '#맛스타그램']"
"#등갈비달인 모란에 가면 무조건 먹는 등갈비------------------------------------------📍위치경기 성남시 중원구 제일로35번길 52 1층🕐영업시간매일 12:00 - 새벽 00:00라스트오더 - 23:00🍽 #김치치즈등갈비(작은넘) - 32,000원🍽 #날치알주먹밥 - 4,000원🍽 #계란찜 - 4,000원🍽 #치즈알볶음밥 - 3,000원-------------------------------------------",2022-04-12,129,모란 등갈비의 달인,"['#등갈비달인', '#김치치즈등갈비', '#날치알주먹밥', '#계란찜', '#치즈알볶음밥']"
축복같은 날씨🌸기꺼이 골목길 사이사이를 헤메도 좋을 날.맛있는 음식 먹으며 여유 느끼는게 제일 큰 행복아닐까요💕 .🧚🏻그린스파이시 갈릭새우와감자🧚‍♀️#언제든지 놀러오세요! ....#greenspicy #그린스파이시 #즉석떡볶이 #크림떡볶이 #맛집 #성남 #성남맛집 #신흥역맛집 #종시맛집 #수진 #모란 #데이트 #롯데시네마 #맛스타그램 #떡볶이그램 #먹스타그램 #샐러드파스타 #좋아요 #성남밥집 #신흥역밥집 #성남가볼만한곳 #분위기맛집 #신구대맛집 #크림덕후 #떡볶이맛집 #성남모란맛집 #남한산성맛집,2022-04-15,38,Green Spicy,"['#언제든지', '#greenspicy', '#그린스파이시', '#즉석떡볶이', '#크림떡볶이', '#맛집', '#성남', '#성남맛집', '#신흥역맛집', '#종시맛집', '#수진', '#모란', '#데이트', '#롯데시네마', '#맛스타그램', '#떡볶이그램', '#먹스타그램', '#샐러드파스타', '#좋아요', '#성남밥집', '#신흥역밥집', '#성남가볼만한곳', '#분위기맛집', '#신구대맛집', '#크림덕후', '#떡볶이맛집', '#성남모란맛집', '#남한산성맛집']"
"🌼안녕,피어싱 모란점🌼 #오늘의귀테리어디테일 최고 귓불과 이너컨츠 제품 너무 예뿌지 않나요 😭❣️택배배송 가능📦3만원 이상 구매시 무료배송 해드립니다 DM으로 문의주세요 (๑❛ө❛๑ )✔️학생할인 진행하고 있어 주변 지하상가랑 가격 비슷합니다! 부담없이 오세요☺️✔️귀뿐만 아니라 특수부위 시술도 전부 가능합니다✔️문의 사항은 DM/매장방문 부탁드려요!📍영업시간: 10:30-22:30(임시)📍문의: 031-722-1547📍경기도 성남시 중원구 성남대로 1132 센트럴파크106호....#안녕피어싱 #모란피어싱 #모란귀걸이 #모란반지 #모란목걸이 #모란 #성남 #모란시장 #성남피어싱 #성남귀걸이 #모란맛집 #성남맛집 #모란술집 #성남술집 #모란역 #모란뷰티 #성남뷰티 #모란역술집 #모란역맛집 #모란역피어싱 #모란역카페 #좋반 #f4f #맞팔 #셀스타그램 #일상 #소통",2022-04-15,187,,"['#오늘의귀테리어디테일', '#안녕피어싱', '#모란피어싱', '#모란귀걸이', '#모란반지', '#모란목걸이', '#모란', '#성남', '#모란시장', '#성남피어싱', '#성남귀걸이', '#모란맛집', '#성남맛집', '#모란술집', '#성남술집', '#모란역', '#모란뷰티', '#성남뷰티', '#모란역술집', '#모란역맛집', '#모란역피어싱', '#모란역카페', '#좋반', '#f4f', '#맞팔', '#셀스타그램', '#일상', '#소통']"
💎ㆍ순환이 잘 안되어서 항상 피곤하셨던 회원님😭ㆍ좋아지고 계셔서 다행이네요🙏ㆍ꾸준히 관리해드릴게요💪,2022-04-15,7,성남 분당 야탑,[]
"레터링 케이크 다양한 글씨체, 색상추가 가능하세요❣️",2022-04-15,44,카페쿠나,[]
[제주우연라이프]👩🏻‍🌾☔️비가 그치고 나니 탐스런 #모란 과 #아마블루 가 활짝 피어  설렘이 있는 금요일🥰#아주가 꽃이 한창 예쁩니다😍#제주우연 #jejuwooyeon #제주정원 #jejugarden #제주라이프#꽃 #flower #flowergarden #flowergadener #가드닝 #garden #gardening #정원생활 #제주냥 #산책냥 #cat#소소리스튜디오 #취미생활작업실,2022-04-15,27,,"['#모란', '#아마블루', '#아주가', '#제주우연', '#jejuwooyeon', '#제주정원', '#jejugarden', '#제주라이프', '#꽃', '#flower', '#flowergarden', '#flowergadener', '#가드닝', '#garden', '#gardening', '#정원생활', '#제주냥', '#산책냥', '#cat', '#소소리스튜디오', '#취미생활작업실']"
"유앤아이 필라테스입니다!저희 센터에선 그룹 수업을 6:1로 진행을 해요대기구 리포머, 체어, 스프링보드와소도구 써클링, 보수, 폼롤러, 밴드 등을같이 사용함으로써 운동의 효과와 질을 올려드린답니다필라테스 대기구의 특징은스프링으로 난이도 조절이 가능하여개개인의 맞게 운동을 하실 수가 있어요~그룹 수업 시엔 방 2개를 번갈아가며원하시는 기구, 강사님, 시간에자유롭게 예약이 가능합니다 :)100% 기구를 사용하여 수업을 받고 싶다면,디테일하고 꼼꼼한 티칭을 받고 싶다면,전문적인 필라테스로 체형교정을 원한다면,퀄리티 높은 수업을 받고 싶다면,건강하게 운동하고 싶다면,유앤아이 필라테스에서 시작하세요상담문의는 환영입니다😊 📞010-4611-9964  ——————————————————————-기구 필라테스, 이런 분들에게 추천해요🙌🏻✔️체형 교정이 필요하신 분✔️다양한 기구를 통해 재밌게 운동하고 싶으신 분✔️다이어트 하고 싶으신 분✔️바디 라인을 만들고 싶으신 분유앤아이 필라테스와 함께 운동해요🏃🏻 ♀️🚨코로나 예방 수칙센터 내부 시설 방역 소독필라테스 기구 및 소도구 소독소독제&소독 티슈 비치👉성남 사랑 상품권 사용가능!🔎궁금하신 사항문의: 031-757-9964, 010-4611-9964주차: 건물 내 무료주차 가능위치: 중원구 도촌로 12 대덕프라자 1차 304호#유앤아이필라테스 #기구필라테스 #필라테스 #성남필라테스 #도촌동필라테스 #도촌필라테스 #야탑역필라테스 #야탑동필라테스 #필테 #필라테스그램 #다이어트 #운동 #운동스타그램 #필라테스개인레슨 #그룹필라테스 #그룹수업 #실내체육시설 #성남 #분당 #야탑 #모란 #좋아요 #일상 #운동하는직장인 #l4l #pic #like #pilates",2022-04-15,10,경기도 성남,"['#유앤아이필라테스', '#기구필라테스', '#필라테스', '#성남필라테스', '#도촌동필라테스', '#도촌필라테스', '#야탑역필라테스', '#야탑동필라테스', '#필테', '#필라테스그램', '#다이어트', '#운동', '#운동스타그램', '#필라테스개인레슨', '#그룹필라테스', '#그룹수업', '#실내체육시설', '#성남', '#분당', '#야탑', '#모란', '#좋아요', '#일상', '#운동하는직장인', '#l4l', '#pic', '#like', '#pilates']"
"유앤아이에요~금요일 오늘도 센터는 출석률 100%!부지런히 운동 나오셔서 수업끝나고주말 잘 보내세요~~👋 인사하며개운하게 돌아가시는 회원님들 보면서저까지 기운을 얻는 거 같아요😊유앤아이는 회원님 한 분 한 분 체형을 파악해좀 더 나은 삶을 살도록 유도해 드리고 있어요~기구 운동! 유앤아이에서 시작해 보아요💕 ——————————————————————-기구 필라테스, 이런 분들에게 추천해요🙌🏻✔️체형 교정이 필요하신 분✔️다양한 기구를 통해 재밌게 운동하고 싶으신 분✔️다이어트 하고 싶으신 분✔️바디 라인을 만들고 싶으신 분유앤아이 필라테스와 함께 운동해요🏃🏻 ♀️🚨코로나 예방 수칙센터 내부 시설 방역 소독필라테스 기구 및 소도구 소독소독제&소독 티슈 비치👉성남 사랑 상품권 사용가능!🔎궁금하신 사항문의: 031-757-9964, 010-4611-9964주차: 건물 내 무료주차 가능위치: 중원구 도촌로 12 대덕프라자 1차 304호#유앤아이필라테스 #기구필라테스 #필라테스 #성남필라테스 #도촌동필라테스 #도촌필라테스 #상대원필라테스 #야탑역필라테스 #하대원필라테스 #필테 #필라테스그램 #다이어트 #운동 #운동스타그램 #필라테스개인레슨 #그룹필라테스 #그룹수업 #실내체육시설 #성남 #분당 #야탑 #모란 #좋아요 #일상 #운동하는직장인 #l4l #pic #like #pilates",2022-04-15,None,경기도 성남,"['#유앤아이필라테스', '#기구필라테스', '#필라테스', '#성남필라테스', '#도촌동필라테스', '#도촌필라테스', '#상대원필라테스', '#야탑역필라테스', '#하대원필라테스', '#필테', '#필라테스그램', '#다이어트', '#운동', '#운동스타그램', '#필라테스개인레슨', '#그룹필라테스', '#그룹수업', '#실내체육시설', '#성남', '#분당', '#야탑', '#모란', '#좋아요', '#일상', '#운동하는직장인', '#l4l', '#pic', '#like', '#pilates']"
⠀열일중인 소중한 꼬마⠀⠀🏡B&B 서귀포 청재설헌,2022-04-15,16,청재설헌,[]
⠀오늘 정원에서 가장 돋보이는 모란⠀⠀🏡B&B 서귀포 청재설헌,2022-04-15,17,청재설헌,[]
언니들이랑 잇을때 행복하고 편해 💕,2022-04-15,47,,[]
#오늘아침 #우리동네#모란 왕자 꽃 피면 작약 공주 이어 핀다.추운겨울 피지 않는다 낙양으로 쫓기고 그림속 벌이 없으니 향도 없다는 누명을 쓴 채 세찬 바람 견뎌.,2022-04-14,4,,"['#오늘아침', '#우리동네', '#모란']"
#작약꽃 #모란 #peony어렸을 때동네 넓은 밭에 가득 심어져 있는 걸흔히 봤던 것 같은데절화로도 판매하는구나.드라마 영향인가..(절화엔 관심 1도 없던 식집사😂)이 향기 너무 오랜만이야😌#반가워 #절화 #꽃다발 #indoorgarden #planterior #planttherapy #deuxgarçons #소피즈의정원,2022-04-14,86,"Seoul, South Korea","['#작약꽃', '#모란', '#peony어렸을', '#반가워', '#절화', '#꽃다발', '#indoorgarden', '#planterior', '#planttherapy', '#deuxgar', '#소피즈의정원']"
동글동글... 뽕실뽕실귀여운 구하 공이 왔어요 ㅋㅋ#구하네 #시끌벅적_구하네#앵무새 #모란 #구름 #하늘 #모란앵무 #앵스타그램#parrot #lovebird #GUREUM #gureum#オウム #ボタンインコ #雲 #オウム_雲#행 #복 #한 #애 #조 #생 #활 #❣️,2022-04-14,104,,"['#구하네', '#시끌벅적', '#앵무새', '#모란', '#구름', '#하늘', '#모란앵무', '#앵스타그램', '#parrot', '#lovebird', '#GUREUM', '#gureum', '#', '#', '#', '#', '#행', '#복', '#한', '#애', '#조', '#생', '#활', '#']"
"#일상 #일상스타그램 #일상그램 #맛집 #음식 #음식점 #맛스타그램 #먹방 #먹스타그램 #먹스타 #맛스타 #데일리 #데일리그램 #모란 #모란역 #성남 #참치 #참치맛집 #모란맛집 #모란역맛집 #성남맛집 #삿포로참치 #모란삿포로참치고급스러운 참치 전문점인 모란 삿포로참치에서 제대로 먹고 왔습니다😍😍실버로 시켰는데 정말 고급스럽고 질좋은 부위로만 참치가 나와서 입안에서 사르르 진짜 기분좋게 먹었어요~😄😄회식, 모임, 데이트하기 좋은 삿포로참치에서 한번 꼭 드셔보세요~😁😁",2022-04-14,26,,"['#일상', '#일상스타그램', '#일상그램', '#맛집', '#음식', '#음식점', '#맛스타그램', '#먹방', '#먹스타그램', '#먹스타', '#맛스타', '#데일리', '#데일리그램', '#모란', '#모란역', '#성남', '#참치', '#참치맛집', '#모란맛집', '#모란역맛집', '#성남맛집', '#삿포로참치', '#모란삿포로참치고급스러운']"
#홈피팅 #모란 🏷 @5705moran🐹🧀X 💙💛🤍#제품제공 #아동복도매 #아기옷도매#아기여름옷#아기여름슈트#아기모델 #베이비모델 #아기옷코디#아기데일리룩 #babyootd#babystagram#babydailylook#5개월아기 #5monthsold,2022-04-14,549,,"['#홈피팅', '#모란', '#제품제공', '#아동복도매', '#아기옷도매', '#아기여름옷', '#아기여름슈트', '#아기모델', '#베이비모델', '#아기옷코디', '#아기데일리룩', '#babyootd', '#babystagram', '#babydailylook', '#5개월아기', '#5monthsold']"
#홈피팅 #모란 🏷 @5705moran 🌼X💜💛💚🧡🤎#제품제공 #아동복도매 #아기옷도매#아기여름옷#아기여름슈트#아기모델 #베이비모델 #아기옷코디#아기데일리룩 #babyootd#babystagram#babydailylook#5개월아기 #5monthsold,2022-04-14,557,,"['#홈피팅', '#모란', '#제품제공', '#아동복도매', '#아기옷도매', '#아기여름옷', '#아기여름슈트', '#아기모델', '#베이비모델', '#아기옷코디', '#아기데일리룩', '#babyootd', '#babystagram', '#babydailylook', '#5개월아기', '#5monthsold']"
아름다운 밤입니다~😍🌸💕대구가 몇일전 30°오르락 내리락 할적에 눈깜짝할세 피어버린 #모란 입니다.😭💦💦💦.어쩜~~~~ 😭😭😭 올해는 오래오래 몇일 버텨다오~~🌸💕..이쁜 #한옥화실 의 저녁반 수업중입니다.😍🙏#책가도 열풍이 ...ㅋㅋㅋㅋ 😍👍다음할작품...그다음할 작품도 선정되있떼욤ㅎㅎㅎ😎🔥🔥🔥..일마치고 늦은밤 수업하느라 힘드시겠지만티내시지않코 웃음꽃 피어내시는 회원님들~❤️😍👍대단해욤~~ 집중력도 장난아니구요.😎👍.재미나게ㅎ 신명나게 ㅎ 수업임해주셔 감사합니다 ~🔥🙏😍❤️...저는 #야간산행 ... 귀찮아도...한발짝 딛고 내가 왜왔을까....하지만😱💙정상가서는...이 맛에 오는거지..하고 웃는답니다ㅋㅋ👋😘..#앞산전망대 공사중이라 아쉬웠지만 찐살들 떠나보내려고 땀복까지입고ㅋㅋㅋㅋㅋㅋ 놜리놜리 피웠습니다.얼굴까지 열이올라 비오듯 흘렸으나....그러나 산행후 #삼겹살 은 꿀맛이였어요 ~🤣💦💦💦💦..ㅋㅋㅋㅋㅋ 에라이~~^^;;뭐 인생 그런거 아임니까~~~.전 잘먹으려구 운동 꾸준히 하고있어욤.👏👏👏😎💜..세상엔 맛있는게 넘많쵸. 홍홍😍😍❤️....#대구민화#민화#대구취미생활 #대구민화수업 #민화맛집 #대구맘스타그램#대구맘#minhwa #chaekgeori #koreanpainting #koreafolkart #koreanartist#운동스타그램 #등산그램 #동네산책 #앞산#수목458#삼겹살파티 🥩🥓🍾🥂🥃🧊#고기사랑,2022-04-14,139,대구 앞산,"['#모란', '#한옥화실', '#책가도', '#야간산행', '#앞산전망대', '#삼겹살', '#대구민화', '#민화', '#대구취미생활', '#대구민화수업', '#민화맛집', '#대구맘스타그램', '#대구맘', '#minhwa', '#chaekgeori', '#koreanpainting', '#koreafolkart', '#koreanartist', '#운동스타그램', '#등산그램', '#동네산책', '#앞산', '#수목458', '#삼겹살파티', '#고기사랑']"
#모란 #청첩장 #쟐가여어^^,2022-04-14,21,,"['#모란', '#청첩장', '#쟐가여어']"
#볼링안녕🎳 - 사용구 : #브런스윅 #멜리잽블러드레드 슈퍼짝대기#볼링 #볼동 #볼링자세 #볼링스타그램 #볼링연습 #볼러맞팔 #볼링맞팔 #좋아요반사 #덤리스 #덤리스볼러 #덤리스자세 #daily #운동 #일상 #운동스타그램#모란 #sm볼링센터,2022-04-14,None,,"['#볼링안녕', '#브런스윅', '#멜리잽블러드레드', '#볼링', '#볼동', '#볼링자세', '#볼링스타그램', '#볼링연습', '#볼러맞팔', '#볼링맞팔', '#좋아요반사', '#덤리스', '#덤리스볼러', '#덤리스자세', '#daily', '#운동', '#일상', '#운동스타그램', '#모란', '#sm볼링센터']"
2022.04.09.....#모란#끄티집#소고기말이찜,2022-04-14,7,,"['#모란', '#끄티집', '#소고기말이찜']"
책향기 교육 연구소너무 이쁜 공간에서 모란 원데이수업 진행했어요...민화 처음 접하신 분들 맞나?싶을 정도로 잘 하셔서 깜놀..참여자님들 모두 모란의 의미처럼부귀영화 누리세요~#원데이수업#문화예술교육#민화#책향기교육연구소#모란#수틀#부귀영화,2022-04-14,21,,"['#원데이수업', '#문화예술교육', '#민화', '#책향기교육연구소', '#모란', '#수틀', '#부귀영화']"
:이맘 즈음이면 피는 목단-좋아하는 작약과 비슷하게 생겨 작약과 더불어 좋아하는 꽃그래서길 가다 보이면 괜히 반가운 😍오늘 만난 목단은 색이 유난히도 곱디 곱다.#엘레강스하구나#목단 #모란 #목단과모란은같은꽃#캐시워크 #걷기 #러닝 #만보걷기 #캐만챌2기,2022-04-14,3,,"['#엘레강스하구나', '#목단', '#모란', '#목단과모란은같은꽃', '#캐시워크', '#걷기', '#러닝', '#만보걷기', '#캐만챌2기']"
🌊✌🏻#거제도#외도.#인스타그램#iphone#아이폰11프로 #셀카#데일리#일상#ootd#95#28#성남#모란#분당#서현#댓글#소통#follow#f4f#팔로우#선팔#맞팔#다이렉트#좋아요#럽스타그램,2022-04-14,43,,"['#거제도', '#외도', '#', '#iphone', '#아이폰11프로', '#', '#', '#', '#ootd', '#95', '#28', '#', '#', '#분당', '#서현', '#', '#', '#follow', '#f4f', '#', '#', '#', '#', '#좋아요', '#럽스타그램']"
#클라임어스 #클라임어스모란 #클라임어스클라이밍피커스에서 보라풀었다고 헛바람 들어서오늘 보라아니면 영상 안찍겠다는 말도 안되는 다짐을 했다가 보라의 매운맛을 보고는 남색으로 급선회 ㅋㅋ근데 힘빠져서 영상 몇개 못건짐 ㅠㅠ1.뛰는남색 쉽고재밌다.2.그냥 무난한 남색.3.하늘색인데 캠퍼싱으로 할랬는데 여의치않아 그냥 품.4.힘빠지기 전에 온싸로 풀었는데 영상안찍어서 다시 찍는데 힘빠져서 도저히 안풀림. 핀치력 문제.5.끝나고 쭈도리탕ㅋ오늘 신발도 안챙겨가서 대여화로 했는데 그거땜에 보라 못풀었..🤣아 그리고 드디어 화면 안잘리는법 앎;;.....#클라이밍때문에전국다가볼기세#취미 #운동 #운동하는남자 #클라이밍 #볼더링 #실내암벽#클라이머 #클린이 #climb #climber #climbing #bourdering #모란 #클라임어스맵다,2022-04-14,93,,"['#클라임어스', '#클라임어스모란', '#클라임어스클라이밍피커스에서', '#클라이밍때문에전국다가볼기세', '#취미', '#운동', '#운동하는남자', '#클라이밍', '#볼더링', '#실내암벽', '#클라이머', '#클린이', '#climb', '#climber', '#climbing', '#bourdering', '#모란', '#클라임어스맵다']"
벚꽃엔딩으로 아쉬운 마음🌸👋🏻곧 피어날 모란으로 달래보는건 어떨까요?🤍모란이 이렇게 예쁜 꽃인줄 오늘 알았다..!!모란이 너무 예뻐서 피드에 간직❕#벚꽃 #벚꽃엔딩 #모란 #5월에 #만나요🤗 #광주 #전남 #기상캐스터 #kbc광주방송,2022-04-14,None,KBC방송국,"['#벚꽃', '#벚꽃엔딩', '#모란', '#5월에', '#만나요', '#광주', '#전남', '#기상캐스터', '#kbc광주방송']"
🌸,2022-04-10,None,,[]
벚꽃과 너랑 함께🌸 ..#인스타그램#팔로우#소통#맞팔#감성#서울#강남#홍대입구#합정#성남#모란#신도림#당산#신촌#구로#안양#금정#범계#산본#화서#수원#병점#오산#동탄2동#평택#압구정#청주#옥수#울산#ootd,2022-04-10,146,석촌호수공원,"['#', '#', '#', '#', '#', '#', '#', '#', '#', '#', '#', '#', '#', '#', '#', '#', '#', '#', '#', '#', '#', '#', '#', '#', '#', '#', '#', '#', '#', '#ootd']"
#모란 #효월 내가 꽃 선물해줘놓고내가 더 신나서 사진찍어따🌸같은 4월생이라 더 행복해❤️언니가 케이크 사온것도 감동🥰,2022-04-14,23,효월,"['#모란', '#효월']"
블랙에 체인은 사랑입니당🖤모두들 네일하세요🤍-네일모해는 1인샵이며 100% 예약제입니다2-3일전에 예약하시면 훨씬 예약이 편하세용010-7138-0162 연락주세요🤍,2022-04-14,None,모란역,[]
여행 가고꙼̈ 싶다̄̈ .. 😫,2022-04-14,66,경기도 성남,[]
늦게까지 으른들의 대화란ㅋㅋ#으른들의대화#모란#일상,2022-04-14,44,모란역,"['#으른들의대화', '#모란', '#일상']"
2022. 4. 14.(목) 모란 다영쌤 초3다영쌤의 첫수업😊턴테이블 그립 못해먹겠오......커버사진 바꾸고 다시올리기온몸이 꼬인 컨셉,2022-04-14,None,모란역,[]
아쉽지 뭐...#첫줄 #첫줄안녕#운동선수 #배드민턴 #성남 #성남시청 #모란 #분당 #전주 #익산 #봄 #판교 #소통 #셀스타그램 #맞팔 #선팔 #댓글 #강남 #오오티디 #ootd#일상 #팔로우 #좋아요 #좋아요반사 #photo #selfi #selca #fff #ootd #daily,2022-04-14,236,경기도 성남,"['#첫줄', '#첫줄안녕', '#운동선수', '#배드민턴', '#성남', '#성남시청', '#모란', '#분당', '#전주', '#익산', '#봄', '#', '#', '#', '#', '#', '#', '#강남', '#오오티디', '#ootd', '#', '#팔로우', '#', '#좋아요반사', '#photo', '#selfi', '#selca', '#fff', '#ootd', '#daily']"
いつもより早く牡丹が咲き始めた。#ぼたん #牡丹　#peony #모란 #鉢植え,2022-04-14,6,,"['#', '#', '#peony', '#모란', '#']"
"🌼안녕,피어싱 모란점🌼 세상에서 제일 귀여븐 신상 #써지컬스틸피어싱 입니다 😭💙택배배송 가능📦3만원 이상 구매시 무료배송 해드립니다 DM으로 문의주세요 (๑❛ө❛๑ )✔️학생할인 진행하고 있어 주변 지하상가랑 가격 비슷합니다! 부담없이 오세요☺️✔️귀뿐만 아니라 특수부위 시술도 전부 가능합니다✔️문의 사항은 DM/매장방문 부탁드려요!📍영업시간: 10:30-22:30(임시)📍문의: 031-722-1547📍경기도 성남시 중원구 성남대로 1132 센트럴파크106호....#안녕피어싱 #모란피어싱 #모란귀걸이 #모란반지 #모란목걸이 #모란 #성남 #모란시장 #성남피어싱 #성남귀걸이 #모란맛집 #성남맛집 #모란술집 #성남술집 #모란역 #모란뷰티 #성남뷰티 #모란역술집 #모란역맛집 #모란역피어싱 #모란역카페 #좋반 #f4f #맞팔 #셀스타그램 #일상 #소통",2022-04-14,13,,"['#써지컬스틸피어싱', '#안녕피어싱', '#모란피어싱', '#모란귀걸이', '#모란반지', '#모란목걸이', '#모란', '#성남', '#모란시장', '#성남피어싱', '#성남귀걸이', '#모란맛집', '#성남맛집', '#모란술집', '#성남술집', '#모란역', '#모란뷰티', '#성남뷰티', '#모란역술집', '#모란역맛집', '#모란역피어싱', '#모란역카페', '#좋반', '#f4f', '#맞팔', '#셀스타그램', '#일상', '#소통']"
"#목단 #모란꽃 목단 꽃이 피었습니다😜목단은 작약과 비슷하게 생긴 꽃을 피우는데요, 둘의 차이점은 목단은 목본이고 작약은 초본이라는 점입니다.그래서 겨울철에 목단은 줄기가 남아있고 작약은 지상부가 사라지고 지하에 뿌리만 살아 있는채로 남게 된답니다😀방림원에 '울엄마꽃밭' 정원에 가면 만나보실 수 있으세요!!#방림원 #식물원 #제주도식물원 #저지문화예술인마을 #제주도투어 #제주도가볼만한곳 #제주도여행 #제주도여행코스 #제주도데이트코스 #제주도서쪽여행 #제주도여행하기좋은곳 #모란 #모란꽃 #목단",2022-04-14,39,,"['#목단', '#모란꽃', '#방림원', '#식물원', '#제주도식물원', '#저지문화예술인마을', '#제주도투어', '#제주도가볼만한곳', '#제주도여행', '#제주도여행코스', '#제주도데이트코스', '#제주도서쪽여행', '#제주도여행하기좋은곳', '#모란', '#모란꽃', '#목단']"
"롱패딩과 반팔이 공존하는 혼란한 봄,사람이 벚꽃잎같이 많아서 입구에서 사진 찍고 끝..났지만 주차하러 간 롯점에서 차량 방향제 샀더니시승 이벤트 당첨돼서 부가티 시론 탔다!손 달달 떨렸다 존나 예쁘다!시동 거니까 방댕이가 달달거렸다.사람들이 다 쳐다보고 사진 찍고 동물원 원숭이 됐지만;뭐 우리 집에서 유전 터지지 않는 이상이제 뒤질 때까지 탈일 없겠지만또 하나 안줏거리가 생겼다!그래서 술 먹어야겠다!",2022-04-14,112,롯데월드몰,[]
🌹네일샵언니..줄안서고 먹었지롱🍜#모란맛집#매운돈코츠라멘#대장부..  예약양식°성함/연락처°원하시는 날짜/시간°젤제거 유/무°원하시는디자인(아트사진첨부)°연장or랩핑 여부는 미리말씀안하시면시술이어려울수있어용°예약가능시 예약금안내문 보내드려요  예약문의°010 7743 4179°kakao ID: nailshopunnii (디엠❌)°시술중에는 답변이 어려울수있어요🙏..#성남네일 #분당네일 #모란네일#모란 #네일샵 #모란역네일샵#메가프라자네일샵 #2인동시시술가능#네일 #패디 #네일아트 #패디아트#네일샵언니 #nailshopunnii #이달의아트 #이달의네일 #이벤트아트#스톤네일 #스와로브스키네일#봄네일 #봄패디 #예쁜네일 #예쁜패디#웨딩네일 #네일잘하는곳 #네일저렴한곳,2022-04-14,38,모란역,"['#모란맛집', '#매운돈코츠라멘', '#대장부', '#성남네일', '#분당네일', '#모란네일', '#모란', '#네일샵', '#모란역네일샵', '#메가프라자네일샵', '#2인동시시술가능', '#네일', '#패디', '#네일아트', '#패디아트', '#네일샵언니', '#nailshopunnii', '#이달의아트', '#이달의네일', '#이벤트아트', '#스톤네일', '#스와로브스키네일', '#봄네일', '#봄패디', '#예쁜네일', '#예쁜패디', '#웨딩네일', '#네일잘하는곳', '#네일저렴한곳']"
🍒체리🍒010.2500.8580,2022-04-14,19,,[]
🌹네일샵언니..꽃이애용⚘#생화네일 ..  예약양식°성함/연락처°원하시는 날짜/시간°젤제거 유/무°원하시는디자인(아트사진첨부)°연장or랩핑 여부는 미리말씀안하시면시술이어려울수있어용°예약가능시 예약금안내문 보내드려요  예약문의°010 7743 4179°kakao ID: nailshopunnii (디엠❌)°시술중에는 답변이 어려울수있어요🙏..#성남네일 #분당네일 #모란네일#모란 #네일샵 #모란역네일샵#메가프라자네일샵 #2인동시시술가능#네일 #패디 #네일아트 #패디아트#네일샵언니 #nailshopunnii #이달의아트 #이달의네일 #이벤트아트#스톤네일 #스와로브스키네일#봄네일 #봄패디 #예쁜네일 #예쁜패디#웨딩네일 #네일잘하는곳 #네일저렴한곳 #선팔맞팔환영 #좋반,2022-04-14,28,모란역,"['#생화네일', '#성남네일', '#분당네일', '#모란네일', '#모란', '#네일샵', '#모란역네일샵', '#메가프라자네일샵', '#2인동시시술가능', '#네일', '#패디', '#네일아트', '#패디아트', '#네일샵언니', '#nailshopunnii', '#이달의아트', '#이달의네일', '#이벤트아트', '#스톤네일', '#스와로브스키네일', '#봄네일', '#봄패디', '#예쁜네일', '#예쁜패디', '#웨딩네일', '#네일잘하는곳', '#네일저렴한곳', '#선팔맞팔환영', '#좋반']"
🌹네일샵언니..속눈썹펌은본인이 가지고있는 모질과 손상도그리고 온도 습도등 다양한 요소가펌의 결과에 영향을줍니다펌이 잘나오게 시술하는것도 중요하지만저는 최대한 손상을 주지않는 방향으로 시술하고있어요(단백질앰플+복구펌제)..🎀예약양식🎀°성함/연락처°원하시는 날짜/시간°젤제거 유/무°원하시는디자인(아트사진첨부)°연장or랩핑 여부는 미리말씀안하시면시술이어려울수있어용°노쇼는 다음예약시 예약금받아요..🎀예약문의🎀°010 7743 4179°kakao ID: nailshopunnii (디엠❌전화문자카톡⭕)°시술중에는 답변이 어려울수있어요🙏..#성남네일 #분당네일 #모란네일 #모란 #네일샵 #모란역네일샵 #네일 #네일샵언니 #nailshopunnii #생화네일 #스톤네일 #웨딩네일 #예쁜네일 #네일아트 #패디큐어#봄네일 #속눈썹맛집#속눈썹잘하는곳 #이달의아트#이달의네일 #이벤트아트 #틴팅펌#속눈썹펌 #뷰러펌 #복구펌,2022-04-14,29,모란역,"['#성남네일', '#분당네일', '#모란네일', '#모란', '#네일샵', '#모란역네일샵', '#네일', '#네일샵언니', '#nailshopunnii', '#생화네일', '#스톤네일', '#웨딩네일', '#예쁜네일', '#네일아트', '#패디큐어', '#봄네일', '#속눈썹맛집', '#속눈썹잘하는곳', '#이달의아트', '#이달의네일', '#이벤트아트', '#틴팅펌', '#속눈썹펌', '#뷰러펌', '#복구펌']"
"-안녕하세요 분당 야탑동에 위치한 분당유소년 풋볼클럽(BYF) U-12 입니다. 2022년4월14일 고학년훈련ㅡ체력훈련ㅡ2022년 기준 선수모집👍1학년9명2학년3명3학년8명4학년1명5학년2명축구선수육성 전문 축구클럽2022년 대한축구협회 1종 등록완료7세~5학년 선수들 집중 모집합니다.👉선수모집- 7세반 (육성반)⚽️훈련일정 화,토 (주2회)- 1학년,2학년(선수반)⚽️훈련일정 화,목,토 (주3회)- 3학년 , 4학년 , 5학년 (선수반)⚽️훈련일정 월,수,목,금,토 (주5회)☎️문의방법코   치  : 010-4802-4277인스타그램 DM💌차량가능지역 : 성남 , 분당 , 위례 , 죽전 , 수지 , 경기도광주,용인지역 , 서울, 판교#분당 유소년풋볼클럽 #BYF #선수반 #선수반축구 #1종 #1종팀 #대한축구협회 #성남축구#유소년 #유소년축구 #선수육성#분당축구클럽 #성남축구클럽#수내동 #정자동 #이매동#성남 #분당 #모란 #판교 #성남맘 #분당맘 #용인맘#광주맘#송파맘#판교#분당유소년 #분당유소년풋볼클럽",2022-04-14,52,,"['#분당', '#BYF', '#선수반', '#선수반축구', '#1종', '#1종팀', '#대한축구협회', '#성남축구', '#유소년', '#유소년축구', '#선수육성', '#분당축구클럽', '#성남축구클럽', '#수내동', '#정자동', '#이매동', '#성남', '#분당', '#모란', '#판교', '#성남맘', '#분당맘', '#용인맘', '#광주맘', '#송파맘', '#판교', '#분당유소년', '#분당유소년풋볼클럽']"
🌹네일샵언니..벚꽃마블🌸..  예약양식°성함/연락처°원하시는 날짜/시간°젤제거 유/무°원하시는디자인(아트사진첨부)°연장or랩핑 여부는 미리말씀안하시면시술이어려울수있어용°예약가능시 예약금안내문 보내드려요  예약문의°010 7743 4179°kakao ID: nailshopunnii (디엠❌)°시술중에는 답변이 어려울수있어요🙏..#성남네일 #분당네일 #모란네일#모란 #네일샵 #모란역네일샵#메가프라자네일샵 #2인동시시술가능#네일 #패디 #네일아트 #패디아트#네일샵언니 #nailshopunnii #이달의아트 #이달의네일 #이벤트아트#스톤네일 #스와로브스키네일#봄네일 #봄패디 #예쁜네일 #예쁜패디#웨딩네일 #네일잘하는곳 #네일저렴한곳 #선팔맞팔환영,2022-04-14,18,모란역,"['#성남네일', '#분당네일', '#모란네일', '#모란', '#네일샵', '#모란역네일샵', '#메가프라자네일샵', '#2인동시시술가능', '#네일', '#패디', '#네일아트', '#패디아트', '#네일샵언니', '#nailshopunnii', '#이달의아트', '#이달의네일', '#이벤트아트', '#스톤네일', '#스와로브스키네일', '#봄네일', '#봄패디', '#예쁜네일', '#예쁜패디', '#웨딩네일', '#네일잘하는곳', '#네일저렴한곳', '#선팔맞팔환영']"
🌹네일샵언니..시럽🤍..  예약양식°성함/연락처°원하시는 날짜/시간°젤제거 유/무°원하시는디자인(아트사진첨부)°연장or랩핑 여부는 미리말씀안하시면시술이어려울수있어용°예약가능시 예약금안내문 보내드려요  예약문의°010 7743 4179°kakao ID: nailshopunnii (디엠❌)°시술중에는 답변이 어려울수있어요🙏..#성남네일 #분당네일 #모란네일#모란 #네일샵 #모란역네일샵#메가프라자네일샵 #2인동시시술가능#네일 #패디 #네일아트 #패디아트#네일샵언니 #nailshopunnii #이달의아트 #이달의네일 #이벤트아트#스톤네일 #스와로브스키네일#봄네일 #봄패디 #예쁜네일 #예쁜패디#웨딩네일 #네일잘하는곳 #네일저렴한곳 #선팔맞팔환영 #좋반,2022-04-14,28,모란역,"['#성남네일', '#분당네일', '#모란네일', '#모란', '#네일샵', '#모란역네일샵', '#메가프라자네일샵', '#2인동시시술가능', '#네일', '#패디', '#네일아트', '#패디아트', '#네일샵언니', '#nailshopunnii', '#이달의아트', '#이달의네일', '#이벤트아트', '#스톤네일', '#스와로브스키네일', '#봄네일', '#봄패디', '#예쁜네일', '#예쁜패디', '#웨딩네일', '#네일잘하는곳', '#네일저렴한곳', '#선팔맞팔환영', '#좋반']"
"생일 주인공의 별명이나 닮은꼴, 좋아하는 캐릭터로 조금 더 특별한 케이크 선물하는건 어떠세요? ‧˚₊*̥(* ⁰̷̴͈꒨⁰̷̴͈)‧˚₊*̥",2022-04-14,29,카페쿠나,[]
오늘은 통닭 어떠세요? 🍺,2022-04-14,7,,[]
.왜 신났는데ㅋㅋㅋㅋ#모란 #모란이 #반려동물 #반려견 #강아지 #믹스견 #다문화견 #중형견 #댕댕이 #멍멍이 #멈머 #dog #dogstagram #강아지스타그램 #댕댕이일상 #댕댕이그램 #댕댕이스타그램 #지옥의공놀이 #던져 #강아지장난감 #강아지옷 #반려견옷 #강아지실내복 #반려견실내복 #개신남 #🐶,2022-04-14,35,,"['#모란', '#모란이', '#반려동물', '#반려견', '#강아지', '#믹스견', '#다문화견', '#중형견', '#댕댕이', '#멍멍이', '#멈머', '#dog', '#dogstagram', '#강아지스타그램', '#댕댕이일상', '#댕댕이그램', '#댕댕이스타그램', '#지옥의공놀이', '#던져', '#강아지장난감', '#강아지옷', '#반려견옷', '#강아지실내복', '#반려견실내복', '#개신남', '#']"
None,None,None,None,[]
None,None,None,None,[]
None,None,None,None,[]
None,None,None,None,[]
